DROP DATABASE IF EXISTS vk;
CREATE DATABASE vk;
USE vk;

-- Table structure for table `users`

DROP TABLE IF EXISTS `users`;
CREATE TABLE `users` (
  `id` SERIAL PRIMARY KEY,
  `firstname` varchar(100) COLLATE utf8mb4_unicode_ci DEFAULT NULL,
  `lastname` varchar(100) COLLATE utf8mb4_unicode_ci DEFAULT NULL COMMENT 'Фамилия',
  `email` varchar(100) COLLATE utf8mb4_unicode_ci DEFAULT NULL,
  `password_hash` varchar(100) COLLATE utf8mb4_unicode_ci DEFAULT NULL,
  `phone` bigint(20) DEFAULT NULL,
  `is_deleted` bit(1) DEFAULT 0
);

-- Dumping data for table `users`

LOCK TABLES `users` WRITE;
INSERT INTO `users` VALUES
	(1,'Margie','McKenzie','alexandra20@example.net','d5ae116bc4110a7e26b3f91a490ab27efe560ef1',9168348613,'\0'),(2,'Pamela','Schuster','bcole@example.com','d9a8cfbb532f7df795024fb688b81e081da0836a',9879828551,'\0'),(3,'Juston','O\'Connell','tdickens@example.org','1b50d37138311d7ac2c2af3394d5d52acad648ed',9871294429,'\0'),(4,'Caterina','Harvey','blaise53@example.org','099601b0172cd4a93f4ae51377d75c68323f2cc0',9631081068,'\0'),(5,'Shaylee','Gleason','cpadberg@example.com','fbd7b6486a7befbdb63c54313424a199a426ed99',9949415731,'\0'),(6,'Catalina','Douglas','rosalee19@example.net','d4b1a804601ed46b9c4bbf9e59850658edecc7a6',9587164235,'\0'),(7,'Elizabeth','Herman','gusikowski.hope@example.com','7ac91bad5f5e1fb96e1e91c3bb95db872aacfb48',9638708748,'\0'),(8,'Jeffery','Hoppe','andres.cummerata@example.com','4c55a8094bd6460d9ccc5a43cfd2be033fd77745',9970544239,'\0'),(9,'Melvina','Morar','chaley@example.org','42b40f099e47efe32e5fd4c396695483951468d7',9800280475,'\0'),(10,'Christian','Orn','klocko.trevor@example.net','d9131fa689554241910ec4bef0377bb25220c1c5',9558494243,'\0'),(11,'Wilton','Bartell','darian.gulgowski@example.org','270d20a01da5b01bba4f5e57949fc7b7b7227f60',9813381399,'\0'),(12,'Johnathon','Abshire','so\'keefe@example.net','4e78408d3f29d04171aa3a8ae54d64d0ead94395',9761008534,'\0'),(13,'Francisca','Grant','dbotsford@example.org','c067fcaa9e00ca57fd23b08031b8f22fec50ce1d',9316991472,'\0'),(14,'Delores','Reinger','barton.hubert@example.net','08d024cf6e2421fe468de22267673cf535dd73b1',9893357045,'\0'),(15,'Kamron','King','gregg.kulas@example.org','57e705628eb2685f2f0a724f41cd80f3b1570141',9064272069,'\0'),(16,'Isabella','Schulist','ike.mann@example.org','448b96a09e47fac9ed1a6fd44d49e965e1663623',9320081964,'\0'),(17,'Madilyn','Grady','retta.willms@example.com','a13dcc89e035b2f38d5af6b9a76bbc58e296b0f0',9707817814,'\0'),(18,'Adella','Murray','lprice@example.org','493d28810954b6a13a03e92a8a11ebd5cb28e48f',9474785629,'\0'),(19,'Otho','Abshire','zrosenbaum@example.org','31d1b1d5cd767eab7cf83ae0c1c3f902b0d7223f',9116991200,'\0'),(20,'Margaretta','Spencer','gkrajcik@example.org','a75daca24135863f66c69629af8c75ac0b5f45b1',9177035688,'\0'),(21,'Earnestine','Kertzmann','hamill.julio@example.net','5bd88a0612ad89981857a5e503d58a98651a5443',9613897928,'\0'),(22,'Morton','Thompson','geoffrey73@example.org','88c0e67e1b5de3f39e5d9d35390b67fbacf133f8',9530639335,'\0'),(23,'Quinn','Corkery','schmeler.amiya@example.org','715be11a983d2260432032d8d7f82a6f9f77b76c',9119296259,'\0'),(24,'Evalyn','Mills','fquitzon@example.net','853946ec2ba9d937b01f53204c53babfc4ce504d',9710553782,'\0'),(25,'Edd','Tillman','haylie.fisher@example.org','47c1f0513098219947e5696e3f1c7b480dfc7b19',9769390548,'\0'),(26,'Marisa','Turcotte','merle60@example.org','8feadfb6b5babc5d58c2ffdae33d061f63400901',9415325469,'\0'),(27,'Nicklaus','Kessler','buford.hyatt@example.net','8c4368523759b8a957219dd274e58b4f8aba3790',9418798137,'\0'),(28,'Eda','Becker','quitzon.vicenta@example.com','775c547ffe4ea98c5e92861afe999d3de1aed7dc',9353809637,'\0'),(29,'Dagmar','Crooks','qklein@example.com','d982e862f7b1d66d3fc9d247a1d44ae3f7fbffcf',9343771786,'\0'),(30,'Consuelo','Bosco','feest.selina@example.com','c9f566d1abce434423019e4850fa18feee9e6812',9350711009,'\0'),(31,'Eldora','Bernier','ptromp@example.org','b1b5b3499245b4ba517594cc9280fa736f30932f',9279827720,'\0'),(32,'Adan','McCullough','emmerich.amir@example.com','9b7e143d6bd7bae090c221d2680290ede1467526',9814619508,'\0'),(33,'Bonita','Jenkins','kaylee.koelpin@example.org','d30b35ae3fca79a488202a67abfbcd1451fdb3b2',9641167592,'\0'),(34,'Verna','McGlynn','afton.lemke@example.net','9eea17dd92913d73ea62a130eb33dbb71c6379cb',9098346823,'\0'),(35,'Kelvin','Reilly','gene86@example.net','2666a0555951ead4f540085f2890dcee1763a625',9597631982,'\0'),(36,'Marc','Zulauf','ejohns@example.com','44b4e3dd4d50b66b6f34e901d09e92bbddc9d4f3',9931858161,'\0'),(37,'Mandy','Gerlach','chasity69@example.net','c9d958b12d525431d08f6afec0a34e68b56b04dd',9863071658,'\0'),(38,'Josephine','Oberbrunner','precious53@example.org','b64974302880cbe9f37b97f01ddfaacf8637c951',9202556034,'\0'),(39,'Ardella','Armstrong','jovany69@example.com','5a20db81221a1abc1cbfaa132ec8ea97fc04ecd8',9646116613,'\0'),(40,'Dorothy','Goyette','fisher.ima@example.net','fe1ca041a18e0ecd9767fbb55b0b8cbde0919eb3',9710826691,'\0'),(41,'Bonnie','McLaughlin','liam.bernhard@example.org','c66e5faf906d636874744e5a445ce2d51f56dfbd',9322331158,'\0'),(42,'Mayra','King','sigrid01@example.org','7762c8ea645d44d9f12270dc88ef4281617a68f3',9199697110,'\0'),(43,'Marco','Bashirian','ariel69@example.net','31ebaf826a931fc55fb43e08b0ffd8e5cdabc985',9066905088,'\0'),(44,'Joanne','Bartoletti','considine.callie@example.net','0b69cf9c2affd80bfffa4afd85be4d949d7d0418',9493576709,'\0'),(45,'John','Bechtelar','hhintz@example.org','91754d229284b295b72e171a02bb75280f3325ea',9625826410,'\0'),(46,'Woodrow','Flatley','jordi39@example.net','41b90cd168fe79ff2287ce13ab68c8e9ef7c943d',9582416108,'\0'),(47,'Elouise','Crist','bayer.edward@example.org','f75564ffb33f83cd8179bf9d41edd32cde9f0d39',9498218827,'\0'),(48,'Marie','Harvey','buck15@example.org','9b51d04c2d8a928dad5a77be2142fa6afcf2863d',9294119477,'\0'),(49,'Kaleigh','Cormier','kschmitt@example.org','7c609c8bae14bbc5801e12cd293f3870716270ec',9516059748,'\0'),(50,'London','Nader','gladyce05@example.net','0cae7052b4582e5580a34d78850087b99ed36809',9008421588,'\0'),(51,'Lolita','Eichmann','dario.cartwright@example.net','b1cf6cacf31b621f26d3e3845e04700f8b3e2bf6',9960449078,'\0'),(52,'Lucie','Gutmann','robyn.christiansen@example.com','b76da6771778af9b85cbe726138437e428c1831f',9547660627,'\0'),(53,'Roderick','VonRueden','littel.julio@example.com','cae23cd9aa427ee980390213c7be11113f03a047',9367378122,'\0'),(54,'Danny','Thiel','mandy88@example.org','97afd49c8a5f7ca48027c64900617e46d7d49bc6',9769682062,'\0'),(55,'Devante','Aufderhar','fgerhold@example.net','5144dcd8344d113b279f4dbd457e7e1e6eac3b0b',9039374651,'\0'),(56,'Susie','Pollich','leonora91@example.com','dff903a43e6deb277db8be4fec15674eb8ab2776',9296648057,'\0'),(57,'Dustin','Paucek','pmurphy@example.net','489473473499ed1bb50d2d189e706d81475f6970',9978244555,'\0'),(58,'Victoria','Ward','brekke.kenna@example.org','ad78c490adb015bde3cad471157bc7e7e49cc918',9066486662,'\0'),(59,'Lynn','Thompson','dturcotte@example.com','4ac737490cbca71e26fa54d80b83e1eb9d71b0f2',9642000226,'\0'),(60,'Jalyn','Rowe','kling.raven@example.net','96c0d26287022cf4f1fc699306e4611f095166e9',9457436868,'\0'),(61,'Beatrice','Schimmel','magdalena12@example.net','c083956027ff3c2504236903cd791e75c8884ecc',9272550428,'\0'),(62,'Emmalee','McGlynn','hoeger.marian@example.com','20ed65ff5e51a9bda321344015ac0a6113be099a',9090070955,'\0'),(63,'Steve','Cummerata','milan.kuhlman@example.net','3c22f0bedd72637140b479b5dc7fe208fe524148',9133247250,'\0'),(64,'Joyce','Bernhard','herman.lyric@example.org','8559ae9a199cc88e01e01ab174b2e2ef2e1f03b3',9922056276,'\0'),(65,'Savannah','Wolff','dangelo37@example.net','ba5edeb09c26b2f6df30c606304c376622883294',9195255190,'\0'),(66,'Amalia','Dicki','sheila68@example.org','89acf3ab2b1bf61e808f5090196a2aad352f0047',9538186598,'\0'),(67,'Jewel','Altenwerth','geo.spinka@example.org','72451f82bc7cdc3a81f40766c18959d618534360',9104404007,'\0'),(68,'Arthur','Borer','lind.alivia@example.net','c337bdf9f0fab0fa4e6d9d857de7700e04e3e40f',9988607593,'\0'),(69,'Oran','Bergnaum','hahn.santiago@example.net','4aba2c73819264b320d33df30ada1f466052fde3',9614389629,'\0'),(70,'Drake','King','cwehner@example.org','4b41cc330f52a970a84f5cba0a2624253a2c3ba1',9770332073,'\0'),(71,'Dawn','Corwin','ygoyette@example.net','0f2e6173b48aa7b441b0cc40f42dcb55e7ebbb03',9163411426,'\0'),(72,'Jasmin','O\'Kon','abel08@example.net','272c42be0767a549df6f9e6c904a680cfca81e85',9141012147,'\0'),(73,'Favian','Willms','emiller@example.com','5052601435b7cf671b8a71e8405d7984c05e4ad6',9928993131,'\0'),(74,'Alejandra','Reichert','hahn.dana@example.com','0ceee9f2ec3552b19580f5c29a45b43941820eb5',9464218347,'\0'),(75,'Kurt','Wolf','alice76@example.net','2e6e7143d809b513d991f8c01a1a50f94500f7df',9330691794,'\0'),(76,'Maximus','Cummings','akiehn@example.net','a79556b83dc7b0649cfe022de8bb9d551aea6203',9847978918,'\0'),(77,'Milo','Stamm','ostrosin@example.net','4b8daa10c4a5e052b0fdcb57261eb56cbad2226c',9597823437,'\0'),(78,'Deron','Stiedemann','zgleichner@example.com','09da0cb7a8e20167d8924c85c8b98795aa333a1f',9958982497,'\0'),(79,'Enos','Zboncak','andy75@example.org','c8058978be3e2c3e8a7a794227b7c182547c12f5',9959084631,'\0'),(80,'Renee','Armstrong','karine82@example.net','9b05bed573a50b53fb2607f3263f4197af2aa71f',9932808618,'\0'),(81,'Amy','Kihn','cory.bogan@example.org','cb72323b4f2587932cb6289046d6bf57eca2d270',9745391863,'\0'),(82,'Audreanne','VonRueden','maryam55@example.com','bef1c03f443828ec15af4ecc0de58900eaa8bacb',9445616209,'\0'),(83,'Rosanna','Pacocha','irogahn@example.org','552a94395b92e63ebe298461422595cb83649e16',9345136273,'\0'),(84,'John','Hills','sofia.rempel@example.com','b2642b11594efc9b069b52ebba79cb89f8a97b64',9346549198,'\0'),(85,'Mateo','Mertz','dawson.ondricka@example.org','a5cb619dc6f05c4688ecd47e32480fcb428ede90',9699845878,'\0'),(86,'Raphaelle','Bechtelar','breitenberg.garrick@example.net','db9308c3591420b22aa539ef3662e5012e429f77',9730440401,'\0'),(87,'Edna','Stiedemann','meghan08@example.com','ceb56ad3afa4654cd93b3504f9ee75b28c5f90db',9518888106,'\0'),(88,'Myra','Gaylord','gmckenzie@example.com','88508229bf72830f887150e5c384dfb0c669bc55',9956851440,'\0'),(89,'Katelynn','Herman','glover.zetta@example.net','b127978935f0fd22df4dfd1c172a4e83ab6e3f67',9098673812,'\0'),(90,'Keith','Abernathy','boyd.collier@example.net','c3e549d4a6ae6937d24bcd8964d090301eeccd18',9634036230,'\0'),(91,'Daisy','Jakubowski','adams.arvilla@example.net','86d382eada5df12e60cfd9a04df3113eb61c8808',9578130139,'\0'),(92,'Cornelius','Abshire','sasha43@example.com','5a2c36b91882dc74040b1445b85659a17e7ce396',9682246286,'\0'),(93,'Damaris','Stroman','benton26@example.net','3b738e486614ae7c37dcf19b7c1f323375ab5544',9246850377,'\0'),(94,'Kaya','Rosenbaum','bryce25@example.org','49505aac33739b6dc3ec66fd817a6f0358962b83',9420617549,'\0'),(95,'Craig','Strosin','shanel.mertz@example.org','3d89b3d5ce647b33f0b0aaa7293d5f31857acd9d',9206121873,'\0'),(96,'Hortense','Trantow','qgrant@example.com','08b8c73f9b4a0fe9b80b58ea80c32f98e40a559b',9198289287,'\0'),(97,'Karianne','Walsh','jedediah.lesch@example.com','2f7feadf1ec5195f86e5b720943210eb2cb217dd',9497028974,'\0'),(98,'Annamarie','Hammes','newton.lowe@example.com','36a662dbd2bc89b403e40df621ee13ca9a46beba',9858599686,'\0'),(99,'Carrie','Hansen','clotilde54@example.com','7e18921845f6c21e15e7722cf889706e1daefeda',9937831684,'\0'),(100,'Eudora','Kunze','rudolph74@example.org','057897eb7698b796d1367cbd66f49c5d16c377a9',9727598103,'\0');
UNLOCK TABLES;

-- Table structure for table `media_types`

DROP TABLE IF EXISTS `media_types`;
CREATE TABLE `media_types` (
  `id` bigint(20) unsigned NOT NULL AUTO_INCREMENT,
  `name` varchar(255) COLLATE utf8mb4_unicode_ci DEFAULT NULL,
  `created_at` datetime DEFAULT current_timestamp(),
  `updated_at` datetime DEFAULT current_timestamp() ON UPDATE current_timestamp(),
  PRIMARY KEY (`id`)
);

-- Dumping data for table `media_types`

LOCK TABLES `media_types` WRITE;
INSERT INTO `media_types` VALUES
	(1,'magni','1981-10-17 06:04:31','2003-12-15 18:22:48'),(2,'dolor','2003-04-04 08:06:27','2016-09-11 21:44:20'),(3,'eum','2008-10-15 21:27:05','1992-02-19 16:36:43'),(4,'possimus','1999-11-05 06:56:58','1980-12-20 21:29:28'),(5,'autem','2000-01-30 17:16:35','1993-11-02 14:06:43');
UNLOCK TABLES;

-- Table structure for table `media`

DROP TABLE IF EXISTS `media`;
CREATE TABLE `media` (
  `id` bigint(20) unsigned NOT NULL AUTO_INCREMENT,
  `media_type_id` bigint(20) unsigned DEFAULT NULL,
  `user_id` bigint(20) unsigned NOT NULL,
  `body` text COLLATE utf8mb4_unicode_ci DEFAULT NULL,
  `filename` varchar(255) COLLATE utf8mb4_unicode_ci DEFAULT NULL,
  `size` int(11) DEFAULT NULL,
  `metadata` longtext CHARACTER SET utf8mb4 COLLATE utf8mb4_bin DEFAULT NULL CHECK (json_valid(`metadata`)),
  `created_at` datetime DEFAULT current_timestamp(),
  `updated_at` datetime DEFAULT current_timestamp() ON UPDATE current_timestamp(),
  PRIMARY KEY (`id`),
  KEY `user_id` (`user_id`),
  KEY `media_type_id` (`media_type_id`),
  CONSTRAINT `media_ibfk_1` FOREIGN KEY (`user_id`) REFERENCES `users` (`id`) ON DELETE CASCADE ON UPDATE CASCADE,
  CONSTRAINT `media_ibfk_2` FOREIGN KEY (`media_type_id`) REFERENCES `media_types` (`id`) ON DELETE SET NULL ON UPDATE CASCADE
);

-- Dumping data for table `media`

LOCK TABLES `media` WRITE;
INSERT INTO `media` VALUES
	(1,1,1,'Perspiciatis quis dolores qui eligendi molestiae sit quos animi. Sunt reprehenderit quisquam culpa blanditiis sapiente consequuntur. Amet nulla doloribus quia facilis dolorem. Rem omnis facere delectus labore quia sit.','qui',195,NULL,'2015-11-03 22:25:15','1990-01-26 22:34:16'),(2,2,2,'Explicabo rerum quo animi eum explicabo architecto adipisci. Minus eaque quos non maiores voluptatem. Optio voluptatem assumenda corrupti. Ipsum velit commodi ut omnis placeat.','laudantium',6,NULL,'1979-07-04 20:49:46','2021-01-13 20:34:58'),(3,3,3,'Veniam rerum nam enim sit et. Eveniet perspiciatis quia iusto eveniet enim molestiae. Porro sequi enim dolores vel nihil.','nihil',876225,NULL,'2010-08-24 23:22:34','1971-07-12 04:15:11'),(4,4,4,'Aut maiores sint rem ut doloribus placeat sunt fugiat. Mollitia voluptatem voluptatem error qui quos. Rerum ullam laboriosam aliquam tempora officia dolorem. Dignissimos impedit itaque non consequatur. Odit sapiente provident hic quis.','dolores',105325449,NULL,'1986-05-22 07:49:16','2012-02-05 02:12:39'),(5,5,5,'Nobis id aliquid laudantium praesentium. Labore eum sapiente nemo asperiores. Perspiciatis id nulla cum ut. Magnam temporibus amet harum non aliquid optio modi.','ullam',8709748,NULL,'1991-03-16 10:59:39','1988-02-10 17:45:05'),(6,1,6,'Quia facilis rem nisi ut. Molestias omnis illum repellendus sapiente qui et excepturi. Voluptatibus laudantium nobis aliquid sit quia officia facilis. Placeat ducimus sequi omnis.','magni',71,NULL,'1990-06-13 16:55:38','1974-12-14 16:55:05'),(7,2,7,'Occaecati voluptates rerum quia quo voluptate. Fugiat sit adipisci sunt deleniti odio. Voluptatum quia facere veniam fuga quo aut.','vero',298307,NULL,'2013-12-04 22:20:48','2020-04-24 12:38:34'),(8,3,8,'Voluptas ut molestiae ut consequuntur. Ut aut quae illo dolor saepe. Facilis pariatur et praesentium. Est corporis consequatur debitis velit.','velit',0,NULL,'1988-11-28 02:59:38','1986-10-30 13:02:04'),(9,4,9,'Tempora aut ut ipsum explicabo aut. Fugiat sit a ut sequi hic hic harum. Maiores quia sunt nesciunt nihil porro.','beatae',45241,NULL,'1992-02-18 16:17:20','1988-05-11 00:21:41'),(10,5,10,'Soluta dolores consequuntur earum veniam. Porro at cumque non id. Architecto et vitae perspiciatis vel tenetur earum voluptatem eum.','et',6034,NULL,'1979-01-14 20:48:50','1999-09-12 18:22:12'),(11,1,11,'Nulla quis quisquam culpa doloribus magni necessitatibus non. Quibusdam totam dolorum excepturi dolorem fuga amet fugiat. Debitis sunt voluptatum similique consequatur. Eius recusandae tempora quae nisi.','voluptate',1249675,NULL,'1972-03-12 06:40:57','1997-12-24 01:53:20'),(12,2,12,'Perspiciatis suscipit necessitatibus culpa qui. Deserunt quam quo porro nostrum tempore. Consequatur ad id quia. Dolore reiciendis id unde cupiditate sint neque.','nobis',40584989,NULL,'2001-02-08 19:11:34','1994-02-19 08:59:03'),(13,3,13,'Aliquam veritatis tempora corrupti voluptatem et consectetur consequatur. Unde omnis consequatur iusto provident quo fuga earum magnam. Dicta doloribus neque aliquam sit non numquam illum.','qui',397207,NULL,'1980-05-03 00:46:28','2016-11-07 03:54:49'),(14,4,14,'Eos sint sunt tenetur nihil impedit. Atque distinctio minima suscipit velit sunt ducimus. Quia occaecati nihil eligendi aperiam quidem ipsum.','ipsam',58283718,NULL,'1991-08-11 20:21:06','1990-03-14 00:47:58'),(15,5,15,'Quae laborum tempora omnis aspernatur. A enim qui voluptates sit voluptate eum. Suscipit aliquid rerum aut delectus placeat aut sapiente. Sunt et optio quia dolore nihil velit quod doloremque. Laboriosam nihil vel nesciunt nesciunt voluptate modi adipisci.','adipisci',9,NULL,'1992-09-17 14:50:14','1980-06-12 10:25:10'),(16,1,16,'Nemo rem perferendis sit accusamus laboriosam. Dolores ex deserunt in et. Ea sunt consequatur distinctio possimus illo.','dolorem',79,NULL,'2002-10-17 10:25:33','2011-05-02 14:11:25'),(17,2,17,'Odio autem quae veritatis. Voluptates explicabo a nihil id debitis eos. Omnis quis provident enim et repellendus et.','sunt',15325,NULL,'1997-07-24 11:47:25','1982-08-30 07:00:57'),(18,3,18,'Omnis ipsa quaerat dolorem ad. Fugiat itaque qui dolorum repellat. Officia aliquam qui sit et explicabo a iusto. Voluptatem voluptas labore magni maxime voluptatibus totam.','incidunt',799585,NULL,'2016-12-05 03:03:27','2009-03-13 09:54:02'),(19,4,19,'Sed voluptatem totam delectus non omnis. Velit aut quia minima harum vitae ut. Dicta assumenda omnis molestias itaque amet. Sed temporibus facilis aut asperiores ullam voluptas amet enim.','voluptate',8608710,NULL,'1998-09-21 23:30:29','1997-07-27 22:31:09'),(20,5,20,'Asperiores et earum eveniet quaerat rerum. Animi ea praesentium est officiis perspiciatis. Voluptate et fuga natus molestiae illum labore explicabo.','a',1924696,NULL,'2013-10-18 18:30:55','2003-01-15 17:14:53'),(21,1,21,'Placeat temporibus placeat et autem qui. Odio perspiciatis non rerum sit natus libero debitis. Sunt et velit fuga est.','tempore',7278660,NULL,'2016-11-20 05:15:12','1973-11-19 02:48:11'),(22,2,22,'Vel qui amet mollitia. Earum qui temporibus sit doloremque corporis. Cum consequuntur quasi excepturi aspernatur.','qui',61333,NULL,'2019-05-28 17:37:20','2017-06-08 04:32:55'),(23,3,23,'Aut quod unde placeat sed est sunt. Possimus dolores distinctio et et qui. Praesentium et facere illo ut provident ea architecto at. Dolore asperiores aspernatur omnis tempore blanditiis ullam aut.','suscipit',987422006,NULL,'1997-05-20 15:39:10','1994-02-18 11:54:40'),(24,4,24,'Expedita dignissimos repudiandae voluptatem rerum facilis et. Molestiae possimus ipsa doloribus aliquam et rerum sunt. Blanditiis itaque saepe atque libero.','ut',1215,NULL,'1972-06-27 05:35:37','2005-08-17 01:46:15'),(25,5,25,'Porro repellendus commodi et laudantium praesentium ad consectetur. Sed animi temporibus non dolor voluptatem ad quaerat. Aut labore quod alias vel saepe dolor accusamus. Et dignissimos et velit esse totam quasi tenetur et. Maiores dignissimos voluptates sit natus incidunt quos quos.','iste',8169158,NULL,'2013-12-13 10:57:09','1971-02-26 20:03:39'),(26,1,26,'Eius id tempore fuga in aut quo voluptas. Omnis deserunt id molestiae. Fugit nobis quidem aliquam totam provident nobis voluptatem. Delectus ipsum perferendis vel id.','omnis',6,NULL,'1975-05-18 19:48:30','1988-08-18 18:03:38'),(27,2,27,'Non non molestiae ea et facilis. Ut et praesentium rerum consequuntur consequatur. Error consectetur cumque rerum numquam est est. Aspernatur in aut ut cumque ipsa ad.','ut',848617,NULL,'1984-10-07 10:51:03','1997-08-23 23:44:10'),(28,3,28,'Voluptas ex consectetur similique itaque quam. Eaque eveniet culpa ab autem. Et cumque voluptatum quo aut.','rerum',33,NULL,'1986-07-31 17:09:20','1983-06-26 03:05:48'),(29,4,29,'Rerum eaque et omnis et officiis id deserunt. Ut est sed beatae culpa dolore dicta vel. In qui consequatur impedit et. Corrupti ratione ipsam eaque eum.','temporibus',0,NULL,'2016-12-07 16:47:59','2017-01-06 20:52:48'),(30,5,30,'Non rem ipsum dolor atque necessitatibus ut aut. Saepe amet magni perferendis qui. Voluptas unde placeat aut quasi veritatis. Aut qui qui vitae aliquam.','deserunt',673750,NULL,'2012-04-14 16:17:58','1970-06-15 04:06:30'),(31,1,31,'Eveniet velit aspernatur fugiat in. Officia doloribus commodi sit nesciunt numquam provident nobis. Magni assumenda libero molestiae dolor. Qui quidem officia rerum maxime cumque.','perferendis',9401,NULL,'1986-04-04 23:28:18','2004-01-02 16:35:13'),(32,2,32,'Qui et corrupti quia distinctio eius. Nihil cumque necessitatibus velit laborum eaque. Odio officiis iure ea fugit molestias dolores laboriosam aut. Est eveniet consequatur est maiores. Sit maiores delectus assumenda qui praesentium.','id',55769,NULL,'1988-11-13 09:28:43','1985-04-03 13:05:35'),(33,3,33,'Possimus est vero excepturi qui incidunt voluptatum. Libero culpa rerum sapiente dolor assumenda non ullam.','in',0,NULL,'1996-03-02 16:35:27','2000-10-21 00:28:16'),(34,4,34,'Impedit molestiae aliquid eos est vitae corporis natus. Est porro nemo quam quasi. Pariatur consequatur et tempora molestiae aut cupiditate. Aliquam necessitatibus sit praesentium atque.','quis',783727,NULL,'1973-10-05 22:59:15','1974-10-10 09:49:07'),(35,5,35,'Tempora dignissimos occaecati et occaecati est reprehenderit voluptas voluptas. Reprehenderit possimus voluptas quo aliquam nesciunt voluptatem vitae. Laboriosam cupiditate sint optio culpa officiis rem.','et',94044218,NULL,'1992-07-12 11:23:45','2009-04-23 06:26:33'),(36,1,36,'Provident rerum eum et amet deserunt. Tempora amet est porro qui possimus.','molestiae',19697,NULL,'2004-06-12 21:07:57','2000-04-10 21:43:18'),(37,2,37,'Nisi necessitatibus vero sapiente vero fugiat ut voluptatum. Quis dolor voluptatum aut doloremque ipsa natus fugit assumenda. Consequatur ullam aut atque officiis eaque qui quia. Repellat ut mollitia consectetur vitae quidem consectetur laborum.','molestiae',130763,NULL,'1993-01-12 07:55:21','2006-09-10 17:22:54'),(38,3,38,'Ipsum qui tenetur provident alias consequatur et. Est ut distinctio commodi et debitis. Animi accusamus quibusdam molestiae harum dolorum. Porro et et culpa iure et tempora.','sit',3713858,NULL,'1990-12-10 05:38:49','2006-01-23 22:55:25'),(39,4,39,'Et officia nihil est voluptatibus nulla officiis quam. Architecto aspernatur et est assumenda debitis ut sed sapiente. Nulla voluptatem incidunt repellat et aspernatur et.','iure',45,NULL,'2015-03-20 21:25:38','2009-11-09 14:21:36'),(40,5,40,'Et ipsum earum corporis quam veritatis. Aut veniam et omnis. Aut quasi id reiciendis aut neque voluptas.','in',269733,NULL,'1987-04-22 00:01:16','1995-07-29 21:03:07'),(41,1,41,'Error aut molestias ut amet ipsum. Enim aliquid commodi earum sint enim sed. Magnam eum rerum tempora sit necessitatibus quos deserunt. Et ut dignissimos magni aut cumque aliquam aut. Et illum iure tempora quo harum autem veritatis magnam.','ea',964713,NULL,'2007-05-26 04:09:01','2021-02-15 12:04:28'),(42,2,42,'Nisi deleniti ipsa a. Nesciunt asperiores dolore amet velit. Doloribus iure saepe optio aut beatae reiciendis quis molestias. Est et repudiandae illo adipisci.','molestias',1205282,NULL,'1986-12-29 22:02:32','2002-01-12 08:12:47'),(43,3,43,'Ut modi aut voluptatum commodi. Quibusdam quos atque possimus ab sit. Repudiandae quae id non quia porro qui dolorem.','provident',808645,NULL,'1984-07-11 05:13:08','2003-08-08 22:36:40'),(44,4,44,'Dignissimos aut aut esse qui. Velit et vero harum voluptas. Nobis molestiae enim nostrum nesciunt quos quos. Temporibus repellat recusandae voluptates eligendi quos. Dignissimos quos praesentium quo ipsum beatae pariatur.','earum',42241,NULL,'2013-12-22 13:20:10','2003-07-25 02:06:20'),(45,5,45,'Necessitatibus iste asperiores placeat quidem facere doloremque aliquid. Itaque voluptatem iure deleniti laborum modi maiores incidunt. Aut maiores dolores consequatur eum.','reprehenderit',0,NULL,'2011-11-03 15:22:32','1982-11-21 10:00:03'),(46,1,46,'Tempore eligendi voluptates voluptate vel repellat. Iusto et cum culpa quia consequatur error dignissimos. Blanditiis est fugit asperiores perferendis saepe nulla cumque. Sapiente officia modi voluptas quaerat.','aut',9612637,NULL,'2013-12-25 11:18:14','2021-01-07 18:50:00'),(47,2,47,'Fugiat corporis non saepe dolor non sed. Ut ea accusantium optio. Id quisquam impedit in odit laudantium quia facilis.','adipisci',37696,NULL,'1987-11-07 12:34:43','2017-03-20 11:43:28'),(48,3,48,'Adipisci adipisci consequatur aut earum eligendi non eum id. Voluptatem dolore omnis possimus excepturi est aspernatur non. Quam eum corporis aut iure dicta. Similique corporis ut dolorum necessitatibus nam assumenda.','facilis',11,NULL,'1983-03-12 21:53:35','2018-07-06 11:42:02'),(49,4,49,'Quia facere consectetur dolor id quia veritatis. Modi consequatur totam et eum. Possimus sequi magni in aut. Est non nulla sequi iusto fugit deleniti impedit. Ullam eum non facere tenetur non dolores numquam.','eveniet',8,NULL,'2020-08-21 19:57:37','1979-05-28 11:02:02'),(50,5,50,'Soluta distinctio autem enim quaerat voluptates voluptates. Ea ea tempora sequi impedit sed. Et repellat qui velit a culpa modi.','molestiae',16833,NULL,'2018-09-17 16:33:29','1990-12-06 23:20:55'),(51,1,51,'Consequatur fuga iusto dolorum doloribus. Enim qui sapiente veritatis qui. Non aliquid modi officia optio et tempore ducimus est.','fugit',460,NULL,'1986-07-04 20:18:45','1970-10-02 02:39:49'),(52,2,52,'Natus iure laboriosam est quaerat quibusdam odio saepe. Inventore laboriosam reprehenderit dolorem et nobis deleniti totam. Et rerum eveniet exercitationem.','modi',59559154,NULL,'1983-12-05 08:14:57','1986-11-21 16:16:54'),(53,3,53,'Dicta accusamus architecto magnam eos placeat dignissimos. Ex distinctio similique ut qui sint quod. Eveniet aliquam nihil ipsa tempore possimus.','laboriosam',773875729,NULL,'1974-07-27 02:57:18','1978-01-31 08:29:10'),(54,4,54,'Aliquam dolores odio ut nulla veritatis. Vel rerum in ipsum dolor iusto. Nesciunt inventore beatae est aut et.','est',52988663,NULL,'2000-09-18 14:23:08','1985-09-05 12:36:21'),(55,5,55,'Aliquam omnis ea magni voluptas. Incidunt modi aliquid laboriosam harum. Tempore dolorem dolores impedit nisi consequatur rerum. Sit facilis aut quo vitae.','corporis',96468,NULL,'2009-08-19 12:09:31','1997-12-19 17:23:20'),(56,1,56,'Repellendus tenetur atque non voluptatem. Facere provident alias dolorem adipisci modi. Exercitationem exercitationem doloribus sit et nihil expedita atque. Veniam corrupti quis quia neque qui accusamus in. Repellat eligendi est nostrum dicta et atque sed doloribus.','temporibus',23,NULL,'1999-04-07 04:11:08','2011-09-12 22:27:50'),(57,2,57,'Vel facilis pariatur vel nemo. Alias rerum reiciendis vitae. Et quisquam ea possimus voluptas voluptate maiores.','ut',4761,NULL,'2016-06-29 03:36:58','1972-03-10 13:39:22'),(58,3,58,'Sit ut quo suscipit ea fugit ipsum. Inventore quod ratione ipsam tenetur quas. Nemo non culpa iure et. Facilis qui laboriosam aut.','et',518,NULL,'2003-06-15 06:00:20','2017-03-15 01:27:57'),(59,4,59,'Explicabo debitis incidunt fuga ullam commodi qui eos. Laudantium ipsa facere et qui. Libero esse temporibus consequatur recusandae quaerat.','quos',0,NULL,'2006-02-11 20:18:59','1980-06-13 19:15:25'),(60,5,60,'Itaque accusantium eos impedit possimus. Fuga iusto natus enim nostrum dolor odio. Id adipisci labore impedit modi sit nulla inventore.','aut',316911295,NULL,'1977-08-30 07:26:49','1995-12-15 17:06:52'),(61,1,61,'Et sapiente possimus asperiores minus vel. Aut necessitatibus sint et nihil recusandae. Eligendi et nobis quia reiciendis. Id quia aut repellat nihil tenetur deserunt amet.','iure',65328485,NULL,'1986-03-08 07:25:23','1993-03-08 11:27:47'),(62,2,62,'Rem aspernatur laborum blanditiis neque reprehenderit. Aut cumque ullam voluptatem occaecati. Quidem optio sit labore enim. Illo porro quia error quis aut blanditiis.','consequuntur',6,NULL,'1995-07-08 12:31:11','2005-11-16 04:44:50'),(63,3,63,'Atque voluptatibus vel mollitia tenetur omnis aperiam quae quis. Voluptatem distinctio eos ea itaque libero corporis omnis corrupti. Qui mollitia facilis nam quasi non. Dolorem amet aut qui cumque expedita beatae ut.','nihil',7929353,NULL,'2004-09-20 16:56:47','1992-03-27 00:22:27'),(64,4,64,'Qui perferendis a est quae officiis rerum exercitationem. Aut possimus vitae omnis. Sequi eaque laboriosam omnis voluptatem praesentium asperiores. Et molestiae velit similique amet.','eos',52,NULL,'1990-01-06 23:03:12','1984-04-10 14:57:46'),(65,5,65,'Aut ipsam ipsam et velit. Qui ut occaecati incidunt. Quia natus et dolore hic praesentium.','voluptas',39,NULL,'1991-08-25 10:01:07','1982-12-31 19:48:07'),(66,1,66,'Quos illum eius qui assumenda iusto minus. Nihil possimus quia aut dolorem temporibus. Ipsam atque neque voluptas rerum.','aut',328897,NULL,'1990-02-18 21:54:04','1994-03-26 11:31:47'),(67,2,67,'Enim ducimus quae non ab minima. Nisi voluptatum architecto aut laborum ut eaque dolore. Facilis mollitia ipsa inventore similique aut.','repellat',804,NULL,'2007-02-23 08:56:02','2006-02-09 19:20:22'),(68,3,68,'Facere aut qui nisi ut sint tempore. Eos velit asperiores numquam quis necessitatibus. Facere magni tempore perspiciatis non sed.','assumenda',948,NULL,'1978-09-25 04:30:31','1998-07-07 16:44:26'),(69,4,69,'Repellat quam aliquid sit sequi voluptas autem aliquam eius. Possimus et quia minus eius. Itaque odio voluptatem rerum porro non quam laudantium rerum.','necessitatibus',3616488,NULL,'1995-09-02 10:38:35','1976-01-04 12:11:46'),(70,5,70,'Dolores sed eos officia rerum quis numquam. Maxime et minima laborum ratione facere quisquam accusamus. Voluptatem quam neque tempore et ad ea. Dolor delectus fuga autem aliquam.','et',9947392,NULL,'2001-01-25 05:51:12','1976-03-13 20:18:32'),(71,1,71,'Voluptatem quia cumque quis id est impedit tenetur id. Nostrum quas cumque nobis rem. Similique ea est officia temporibus et temporibus sed.','iusto',1271,NULL,'2010-11-22 13:14:05','2017-02-10 20:51:29'),(72,2,72,'Assumenda inventore voluptatum eum corrupti. Odio nihil est nihil sed rem suscipit sint aut. At nesciunt numquam sint vel.','consequuntur',7738,NULL,'1996-01-14 03:12:38','2005-08-31 20:42:56'),(73,3,73,'Asperiores aut sapiente labore repellat. Molestiae facere odio alias aut. Ea sapiente et repudiandae enim consequatur perferendis ab.','odio',2438857,NULL,'1980-05-18 05:30:20','1975-10-09 15:35:48'),(74,4,74,'Voluptate suscipit in eligendi possimus quos. Quia dolores ut ratione est consequuntur quia. Eligendi voluptatum omnis quaerat doloremque.','non',186,NULL,'2008-11-20 05:42:43','1994-12-10 01:55:01'),(75,5,75,'Occaecati commodi quos eaque in dolores. Ducimus atque architecto voluptatem similique et doloribus non. Et molestiae totam assumenda nesciunt vitae. Nemo nostrum nesciunt qui.','ad',945,NULL,'1990-04-14 14:53:10','1977-02-12 13:28:32'),(76,1,76,'Dignissimos optio ducimus maiores eum sit amet. Quas ab aspernatur commodi et voluptas. Et cum repudiandae quasi sunt aut. Et aliquam sint accusantium ullam laudantium vel. Asperiores qui tempora totam quas eos.','excepturi',4,NULL,'1995-09-24 13:34:12','1993-08-24 05:11:54'),(77,2,77,'Corrupti sequi voluptas aut est dolor. Ut cupiditate veritatis temporibus odio molestiae rerum. Ducimus placeat sunt ullam ex eos cumque labore veniam. Veritatis inventore et expedita.','nisi',8462,NULL,'1992-09-08 18:54:59','1994-10-14 12:38:05'),(78,3,78,'Molestiae aut impedit quia eveniet mollitia consectetur quia et. Voluptatibus molestiae sunt et corporis molestiae. Et exercitationem doloribus praesentium esse cumque ipsam. Id nulla minima iste dolore rerum.','accusantium',209,NULL,'2013-11-13 19:10:08','1998-03-02 02:13:37'),(79,4,79,'Et provident autem molestias reiciendis iure. Omnis quo consequuntur eligendi et enim. Quo quaerat similique quod maxime. Minima impedit velit doloribus. Adipisci qui dolorem et non cumque modi iste ipsam.','ut',0,NULL,'2004-09-11 21:16:46','2008-10-01 20:04:12'),(80,5,80,'Consequatur laboriosam libero nulla nobis. Corrupti est repudiandae voluptatem repellat sed quod. A facere amet beatae et ad. Consequatur quis minima quisquam commodi qui provident.','non',0,NULL,'1979-08-22 11:16:37','1975-05-08 21:35:41'),(81,1,81,'Atque consequatur quam animi perferendis dignissimos ipsa. Consequatur aut tempora pariatur ut in rerum. Velit ullam rerum veritatis.','ea',0,NULL,'1974-05-16 21:39:22','2011-01-20 10:59:03'),(82,2,82,'Quos corporis maiores est eos. Exercitationem porro deleniti omnis consequatur. Officia in occaecati eos et temporibus.','iusto',54,NULL,'1976-07-01 02:17:32','2008-11-29 22:40:39'),(83,3,83,'Beatae cum cupiditate accusamus voluptas autem labore dolor dolor. Ut ut nihil nostrum vitae dignissimos facilis. Et quis vero qui tenetur sed ratione.','et',206601,NULL,'1989-04-20 21:14:01','2017-09-20 08:06:59'),(84,4,84,'Sint quo ut deleniti sed sunt porro et. Numquam tenetur quisquam sit soluta. Voluptatibus necessitatibus tenetur deserunt ab aut laborum accusantium.','quam',26512,NULL,'2005-01-23 06:14:49','2016-07-23 15:57:55'),(85,5,85,'Suscipit sed qui modi aut omnis beatae doloribus ipsa. Accusantium et a perferendis consequatur facere facilis est sit. Voluptatem qui tenetur adipisci officia vel non dolor.','aperiam',11096,NULL,'1992-02-03 22:39:22','2018-04-23 10:51:09'),(86,1,86,'Atque voluptates voluptatem architecto laudantium repellat. Eos qui maiores dignissimos quia suscipit facere. Ullam corrupti reiciendis non quaerat repudiandae eos vero quae.','iure',28743,NULL,'1992-11-11 03:54:32','1979-03-03 21:42:44'),(87,2,87,'Quod reprehenderit numquam numquam est sit. Dolorem voluptates quam nulla quia quia cupiditate neque. Non excepturi quia voluptates non et sint voluptate.','doloremque',164,NULL,'1999-01-08 15:28:28','1996-12-24 08:52:58'),(88,3,88,'Nostrum asperiores aliquam doloremque. Ut ex aliquam enim nisi omnis voluptas. Quaerat necessitatibus eos non eius nam fugiat. Nemo esse illo repudiandae qui eos dicta reiciendis eos. Minus ducimus repellat sint vero nostrum ut.','molestias',1699,NULL,'1980-06-11 17:18:03','2019-03-24 08:39:25'),(89,4,89,'Animi quasi ipsam doloribus. Necessitatibus occaecati delectus illum quia. In ut consequatur tempora qui et voluptas. Consequatur similique ducimus maiores.','nostrum',753913116,NULL,'2006-05-08 21:32:34','1995-10-17 04:11:43'),(90,5,90,'Voluptatem quam natus sint adipisci tempore. Aliquid necessitatibus et ratione et veritatis fugiat. Dolor sed perspiciatis quaerat dolorem dolores.','unde',2748263,NULL,'2005-11-12 14:23:22','2003-08-07 04:04:23'),(91,1,91,'Temporibus enim tenetur nesciunt quis nihil cumque. Vitae nisi occaecati saepe ea. Velit sit voluptate maiores molestiae sed.','maiores',61,NULL,'1978-10-10 21:57:43','1993-07-31 22:08:23'),(92,2,92,'Rerum provident repellat quasi sint dicta autem. Et est explicabo maxime molestiae. Velit animi accusamus nesciunt magnam quo. Qui eum molestias voluptatibus quis.','officiis',203955,NULL,'2003-07-23 18:42:52','1991-10-19 02:26:21'),(93,3,93,'Aut libero eaque et ea omnis qui. Iure molestiae dolores sequi est sint voluptate. Labore aut officiis rerum tempora maxime accusantium voluptatem nulla. Quibusdam eum est neque est similique libero.','aut',93778,NULL,'1980-10-12 03:12:52','1982-06-04 19:12:46'),(94,4,94,'Laudantium nisi aut aut quaerat in iure mollitia error. Tempora unde sit nisi corporis quisquam similique aliquam. Facere expedita sint molestias culpa neque fugit. Nam aut mollitia perferendis quam consectetur facilis qui.','minima',2126,NULL,'2008-04-10 13:49:28','2016-09-27 20:11:11'),(95,5,95,'Sed dicta est qui hic id. Necessitatibus pariatur ut modi. Corporis adipisci nemo beatae nostrum ut unde. Quasi fugit iure in natus hic ullam sed.','praesentium',995747,NULL,'1972-03-02 14:15:44','1988-03-05 10:22:46'),(96,1,96,'Aut quibusdam facilis dolorem ab cum accusantium deleniti ipsa. Atque optio quae et. Id suscipit aliquam sunt dolore voluptatem dolore voluptatem. Recusandae consequatur ea sit tempora qui. Est rerum corrupti repellat id corrupti excepturi soluta.','dolore',737329137,NULL,'1997-08-21 13:51:08','1977-04-14 10:26:37'),(97,2,97,'Exercitationem ut consequatur consequatur molestias labore aliquam molestiae. Doloribus facilis mollitia dolores molestias similique. Optio nihil ullam harum id odit aut. Aut error vel est nihil odit a quibusdam.','voluptates',1,NULL,'1972-06-24 21:05:26','1973-04-21 22:34:25'),(98,3,98,'Sunt suscipit eum voluptatem dignissimos. Aut pariatur iste iusto sint. Est rerum nulla neque natus magni quia. Tenetur reprehenderit ea non id officiis suscipit.','ab',0,NULL,'2000-09-29 05:25:31','2020-06-28 21:33:21'),(99,4,99,'Pariatur delectus accusantium blanditiis aliquid et provident. Excepturi eaque vitae facilis in sed excepturi quidem. Nostrum error quia voluptas in.','magni',721,NULL,'1990-08-10 16:23:05','2003-01-09 06:31:09'),(100,5,100,'Quas accusamus reiciendis doloribus itaque aut ut. Et aspernatur maxime natus et. Vero quis est voluptatem similique rerum.','aliquid',0,NULL,'1991-02-19 02:24:01','1976-03-11 17:44:23');
UNLOCK TABLES;

-- Table structure for table `photo_albums`

DROP TABLE IF EXISTS `photo_albums`;
CREATE TABLE `photo_albums` (
  `id` bigint(20) unsigned NOT NULL AUTO_INCREMENT,
  `name` varchar(255) COLLATE utf8mb4_unicode_ci DEFAULT NULL,
  `user_id` bigint(20) unsigned DEFAULT NULL,
  PRIMARY KEY (`id`),
  UNIQUE KEY `id` (`id`),
  KEY `user_id` (`user_id`),
  CONSTRAINT `photo_albums_ibfk_1` FOREIGN KEY (`user_id`) REFERENCES `users` (`id`) ON DELETE SET NULL ON UPDATE CASCADE
);

-- Dumping data for table `photo_albums`

LOCK TABLES `photo_albums` WRITE;
/*!40000 ALTER TABLE `photo_albums` DISABLE KEYS */;
INSERT INTO `photo_albums` VALUES
	(1,'quo',1),(2,'magni',2),(3,'voluptates',3),(4,'pariatur',4),(5,'officia',5),(6,'facilis',6),(7,'esse',7),(8,'non',8),(9,'accusamus',9),(10,'facilis',10),(11,'quas',11),(12,'omnis',12),(13,'error',13),(14,'saepe',14),(15,'dolorum',15),(16,'eius',16),(17,'optio',17),(18,'eos',18),(19,'consequatur',19),(20,'ipsa',20),(21,'quisquam',21),(22,'perferendis',22),(23,'numquam',23),(24,'minus',24),(25,'voluptatem',25),(26,'veniam',26),(27,'neque',27),(28,'quibusdam',28),(29,'dolor',29),(30,'quae',30),(31,'quos',31),(32,'aliquam',32),(33,'est',33),(34,'voluptatem',34),(35,'voluptas',35),(36,'sit',36),(37,'aliquid',37),(38,'ut',38),(39,'voluptatem',39),(40,'quo',40),(41,'eos',41),(42,'ea',42),(43,'laudantium',43),(44,'voluptas',44),(45,'provident',45),(46,'laudantium',46),(47,'amet',47),(48,'consectetur',48),(49,'alias',49),(50,'autem',50),(51,'dolorem',51),(52,'necessitatibus',52),(53,'pariatur',53),(54,'iusto',54),(55,'dolores',55),(56,'voluptatem',56),(57,'ut',57),(58,'ullam',58),(59,'cupiditate',59),(60,'harum',60),(61,'quae',61),(62,'numquam',62),(63,'rem',63),(64,'dolorem',64),(65,'quam',65),(66,'et',66),(67,'non',67),(68,'at',68),(69,'provident',69),(70,'maiores',70),(71,'eveniet',71),(72,'nihil',72),(73,'consequatur',73),(74,'illo',74),(75,'corporis',75),(76,'cupiditate',76),(77,'quasi',77),(78,'eos',78),(79,'est',79),(80,'facere',80),(81,'quod',81),(82,'veritatis',82),(83,'impedit',83),(84,'iure',84),(85,'et',85),(86,'et',86),(87,'at',87),(88,'asperiores',88),(89,'numquam',89),(90,'cum',90),(91,'et',91),(92,'eveniet',92),(93,'vel',93),(94,'repellat',94),(95,'quidem',95),(96,'assumenda',96),(97,'doloremque',97),(98,'quis',98),(99,'corrupti',99),(100,'voluptas',100);
UNLOCK TABLES;

-- Table structure for table `photos`

DROP TABLE IF EXISTS `photos`;
CREATE TABLE `photos` (
  `id` bigint(20) unsigned NOT NULL AUTO_INCREMENT,
  `album_id` bigint(20) unsigned NOT NULL,
  `media_id` bigint(20) unsigned NOT NULL,
  PRIMARY KEY (`id`),
  KEY `album_id` (`album_id`),
  KEY `media_id` (`media_id`),
  CONSTRAINT `photos_ibfk_1` FOREIGN KEY (`album_id`) REFERENCES `photo_albums` (`id`) ON DELETE CASCADE ON UPDATE CASCADE,
  CONSTRAINT `photos_ibfk_2` FOREIGN KEY (`media_id`) REFERENCES `media` (`id`) ON DELETE CASCADE ON UPDATE CASCADE
);

-- Dumping data for table `photos`

LOCK TABLES `photos` WRITE;
INSERT INTO `photos` VALUES
	(1,1,1),(2,2,2),(3,3,3),(4,4,4),(5,5,5),(6,6,6),(7,7,7),(8,8,8),(9,9,9),(10,10,10),(11,11,11),(12,12,12),(13,13,13),(14,14,14),(15,15,15),(16,16,16),(17,17,17),(18,18,18),(19,19,19),(20,20,20),(21,21,21),(22,22,22),(23,23,23),(24,24,24),(25,25,25),(26,26,26),(27,27,27),(28,28,28),(29,29,29),(30,30,30),(31,31,31),(32,32,32),(33,33,33),(34,34,34),(35,35,35),(36,36,36),(37,37,37),(38,38,38),(39,39,39),(40,40,40),(41,41,41),(42,42,42),(43,43,43),(44,44,44),(45,45,45),(46,46,46),(47,47,47),(48,48,48),(49,49,49),(50,50,50),(51,51,51),(52,52,52),(53,53,53),(54,54,54),(55,55,55),(56,56,56),(57,57,57),(58,58,58),(59,59,59),(60,60,60),(61,61,61),(62,62,62),(63,63,63),(64,64,64),(65,65,65),(66,66,66),(67,67,67),(68,68,68),(69,69,69),(70,70,70),(71,71,71),(72,72,72),(73,73,73),(74,74,74),(75,75,75),(76,76,76),(77,77,77),(78,78,78),(79,79,79),(80,80,80),(81,81,81),(82,82,82),(83,83,83),(84,84,84),(85,85,85),(86,86,86),(87,87,87),(88,88,88),(89,89,89),(90,90,90),(91,91,91),(92,92,92),(93,93,93),(94,94,94),(95,95,95),(96,96,96),(97,97,97),(98,98,98),(99,99,99),(100,100,100);
UNLOCK TABLES;

-- Table structure for table `profiles`

DROP TABLE IF EXISTS `profiles`;
CREATE TABLE `profiles` (
  `user_id` bigint(20) unsigned NOT NULL AUTO_INCREMENT,
  `gender` char(1) COLLATE utf8mb4_unicode_ci DEFAULT NULL,
  `birthday` date DEFAULT NULL,
  `photo_id` bigint(20) unsigned DEFAULT NULL,
  `created_at` datetime DEFAULT current_timestamp(),
  `hometown` varchar(100) COLLATE utf8mb4_unicode_ci DEFAULT NULL,
  PRIMARY KEY (`user_id`),
  KEY `fk_photo_id` (`photo_id`),
  FOREIGN KEY (`photo_id`) REFERENCES `photos` (`id`) ON DELETE SET NULL ON UPDATE CASCADE,
  FOREIGN KEY (`user_id`) REFERENCES `users` (`id`) ON DELETE CASCADE ON UPDATE CASCADE
);

-- Dumping data for table `profiles`

LOCK TABLES `profiles` WRITE;
INSERT INTO `profiles` VALUES 
	(1,'f','1973-05-03',1,'2006-02-17 04:06:12','praesentium'),(2,'m','1999-07-17',2,'1990-01-08 13:04:43','et'),(3,'f','2006-09-24',3,'2003-05-01 20:50:45','qui'),(4,'m','1983-02-16',4,'2005-04-10 22:57:22','accusamus'),(5,'f','1978-04-10',5,'1974-04-21 04:15:27','quia'),(6,'m','2010-11-12',6,'2015-05-10 09:39:40','saepe'),(7,'f','2007-03-06',7,'1985-09-13 13:31:01','corporis'),(8,'m','1995-09-22',8,'2009-06-05 23:27:19','beatae'),(9,'f','1975-01-25',9,'2013-05-11 02:00:11','dolores'),(10,'f','2005-07-30',10,'1995-03-18 06:04:35','sint'),(11,'f','1978-05-23',11,'1997-05-27 01:13:57','dolores'),(12,'f','2014-06-15',12,'1997-01-28 03:04:46','ad'),(13,'f','1984-07-18',13,'1977-09-28 18:08:05','enim'),(14,'m','1979-11-10',14,'2016-01-10 19:05:01','cupiditate'),(15,'f','1984-09-18',15,'2014-07-03 22:58:50','quasi'),(16,'f','2012-03-20',16,'1972-12-24 20:48:37','libero'),(17,'m','2011-03-18',17,'1980-05-01 17:23:02','omnis'),(18,'f','2010-12-29',18,'1983-12-11 00:54:57','rem'),(19,'m','1997-08-17',19,'1988-09-02 20:48:44','voluptatibus'),(20,'m','1999-07-08',20,'2002-12-06 19:30:33','modi'),(21,'f','1991-01-17',21,'1986-12-15 12:08:12','vero'),(22,'f','2019-09-19',22,'1991-12-02 12:13:38','pariatur'),(23,'f','1980-02-07',23,'1988-05-24 10:07:20','iure'),(24,'f','1991-05-13',24,'1987-08-16 12:54:40','vel'),(25,'f','1998-09-27',25,'1984-06-06 06:26:31','aperiam'),(26,'f','1971-03-28',26,'2003-06-10 20:09:12','doloremque'),(27,'f','2007-11-21',27,'1999-02-11 15:54:47','illo'),(28,'m','2008-01-11',28,'2001-06-30 01:48:06','molestiae'),(29,'m','1980-03-10',29,'2020-01-01 17:25:15','voluptatem'),(30,'m','1986-09-25',30,'2007-08-03 13:18:21','officiis'),(31,'m','1992-06-27',31,'1973-08-04 05:32:01','cumque'),(32,'f','2011-03-03',32,'1989-08-25 09:09:35','est'),(33,'f','1986-05-04',33,'2004-01-29 13:17:13','delectus'),(34,'f','1993-07-05',34,'2019-01-27 21:19:40','minus'),(35,'f','1990-09-05',35,'1977-02-13 08:38:29','non'),(36,'f','1979-12-14',36,'1986-10-11 14:59:24','neque'),(37,'m','1978-11-08',37,'1985-04-19 21:10:53','fuga'),(38,'f','1983-06-18',38,'1992-01-19 08:06:26','et'),(39,'f','1987-07-13',39,'2019-04-24 22:33:45','aliquid'),(40,'f','2001-05-09',40,'1979-01-26 09:50:52','eos'),(41,'m','2001-09-16',41,'1975-02-09 03:45:37','ea'),(42,'m','1995-05-24',42,'1984-04-08 06:39:19','aspernatur'),(43,'m','2013-10-28',43,'1984-09-25 09:28:12','impedit'),(44,'m','1978-08-03',44,'2006-10-16 03:38:22','quia'),(45,'m','1989-11-20',45,'1990-04-19 01:04:23','est'),(46,'m','1990-04-05',46,'2005-10-27 21:29:55','est'),(47,'f','1987-12-13',47,'1984-08-28 12:44:29','laudantium'),(48,'f','2000-11-02',48,'1970-05-01 06:04:25','a'),(49,'m','2009-11-28',49,'1978-02-13 07:13:30','sed'),(50,'f','2005-01-29',50,'1989-07-06 07:34:12','aut'),(51,'f','1996-03-29',51,'1981-11-23 01:52:02','ab'),(52,'m','2008-02-11',52,'1971-05-13 01:57:23','perspiciatis'),(53,'f','1983-10-03',53,'2020-08-07 16:16:39','earum'),(54,'m','1970-05-16',54,'1971-05-05 00:08:13','sint'),(55,'m','1989-11-01',55,'2015-10-05 04:12:39','doloremque'),(56,'f','1976-09-19',56,'1992-02-24 23:29:41','molestiae'),(57,'m','1990-08-10',57,'1975-10-01 17:58:11','est'),(58,'f','1982-10-30',58,'2015-09-12 02:16:08','corrupti'),(59,'f','1985-07-05',59,'1998-06-16 04:52:07','id'),(60,'f','1976-08-23',60,'1978-12-12 04:28:41','laudantium'),(61,'m','1996-06-20',61,'1995-06-12 17:48:20','deleniti'),(62,'f','2015-06-23',62,'1979-03-28 18:41:25','excepturi'),(63,'f','1984-12-30',63,'1987-05-30 15:08:06','qui'),(64,'f','1975-01-25',64,'1978-03-20 10:04:29','et'),(65,'f','1984-02-28',65,'2008-09-10 03:22:28','necessitatibus'),(66,'m','2011-02-19',66,'1997-02-17 04:26:27','voluptatum'),(67,'m','2017-03-13',67,'1994-01-05 16:11:56','odio'),(68,'m','1974-07-14',68,'2020-05-29 11:31:49','odio'),(69,'f','1973-09-23',69,'1981-12-13 17:36:56','placeat'),(70,'m','2017-09-04',70,'2006-03-08 19:39:55','est'),(71,'f','2005-06-03',71,'1970-03-24 15:37:39','natus'),(72,'f','2009-04-17',72,'2012-06-04 01:25:30','consequatur'),(73,'f','1999-07-23',73,'2016-09-13 12:05:46','enim'),(74,'f','2000-03-17',74,'2016-07-24 11:09:53','error'),(75,'m','1988-07-11',75,'1978-04-25 15:45:23','natus'),(76,'m','2014-07-31',76,'2009-01-24 21:19:28','qui'),(77,'f','1981-01-22',77,'1984-07-02 10:27:50','eum'),(78,'m','1990-10-10',78,'1980-03-21 09:03:05','ut'),(79,'m','1992-10-23',79,'2009-03-16 12:19:11','itaque'),(80,'m','1990-08-07',80,'1972-06-17 17:13:02','vel'),(81,'f','1972-08-20',81,'1989-09-17 16:09:55','autem'),(82,'m','1979-06-06',82,'2005-05-13 01:11:36','possimus'),(83,'m','2005-03-23',83,'1999-07-30 22:15:52','delectus'),(84,'f','2018-02-03',84,'1982-11-24 21:22:01','similique'),(85,'f','1986-10-14',85,'2018-01-02 09:32:46','sapiente'),(86,'m','2011-07-24',86,'1975-06-02 08:26:55','illum'),(87,'m','1975-06-18',87,'1994-12-31 09:55:23','sit'),(88,'m','1972-09-09',88,'2002-01-27 03:43:15','voluptatum'),(89,'m','1970-07-01',89,'2014-10-31 07:19:11','odio'),(90,'f','1985-10-31',90,'2002-11-25 09:51:48','modi'),(91,'f','1988-09-13',91,'2010-06-17 16:51:13','neque'),(92,'f','1986-11-18',92,'1977-03-08 19:06:11','maxime'),(93,'f','2020-03-23',93,'2003-08-25 06:48:12','tempore'),(94,'f','2013-12-15',94,'1977-03-05 05:03:12','voluptatibus'),(95,'m','2008-02-19',95,'1979-02-04 01:35:37','sint'),(96,'m','1975-02-09',96,'2002-10-15 01:22:53','quam'),(97,'m','2000-07-13',97,'1974-02-03 00:12:33','voluptate'),(98,'f','1977-01-08',98,'2002-01-14 03:31:54','quia'),(99,'m','1995-05-16',99,'2019-06-25 06:07:46','consectetur'),(100,'m','1988-06-24',100,'1990-08-22 20:03:49','rerum');
UNLOCK TABLES;

-- Table structure for table `blogs`

DROP TABLE IF EXISTS `blogs`;
CREATE TABLE `blogs` (
  `id` bigint(20) unsigned NOT NULL AUTO_INCREMENT,
  `user_id` bigint(20) unsigned NOT NULL,
  `blog_name` text COLLATE utf8mb4_unicode_ci DEFAULT NULL,
  `blog_permission` tinyint(1) NOT NULL DEFAULT 0,
  `created_at` datetime DEFAULT current_timestamp(),
  PRIMARY KEY (`id`),
  KEY `user_id` (`user_id`),
  CONSTRAINT `blogs_ibfk_1` FOREIGN KEY (`user_id`) REFERENCES `users` (`id`) ON DELETE CASCADE ON UPDATE CASCADE
);

-- Dumping data for table `blogs`

LOCK TABLES `blogs` WRITE;
/*!40000 ALTER TABLE `blogs` DISABLE KEYS */;
INSERT INTO `blogs` VALUES 
	(1,1,'dolores',1,'1984-04-30 04:00:12'),(2,2,'assumenda',0,'2000-07-21 20:35:27'),(3,3,'maxime',1,'1975-07-19 12:51:50'),(4,4,'expedita',1,'2009-03-19 07:32:34'),(5,5,'aut',1,'1990-12-17 18:39:07'),(6,6,'quae',0,'2008-03-10 02:27:40'),(7,7,'sed',0,'2004-08-15 09:07:14'),(8,8,'quia',1,'1980-01-19 09:52:29'),(9,9,'laborum',1,'1973-01-31 04:31:33'),(10,10,'voluptas',1,'1993-02-05 23:20:16'),(11,11,'ea',1,'1998-10-26 15:17:13'),(12,12,'laborum',1,'1971-04-25 00:54:03'),(13,13,'quia',1,'1977-02-15 00:49:12'),(14,14,'alias',0,'1997-12-31 05:00:39'),(15,15,'numquam',1,'1976-03-20 20:07:11'),(16,16,'vel',0,'1977-12-22 22:52:03'),(17,17,'quae',1,'1974-04-04 16:03:26'),(18,18,'perferendis',1,'2002-11-04 20:10:07'),(19,19,'perspiciatis',1,'2008-05-01 16:21:10'),(20,20,'ducimus',1,'2013-08-16 07:22:48'),(21,21,'sit',0,'1973-08-10 23:14:15'),(22,22,'dicta',0,'2012-07-16 09:14:11'),(23,23,'possimus',1,'2002-08-04 03:28:15'),(24,24,'quas',1,'1996-03-05 10:52:46'),(25,25,'quo',0,'2019-02-11 20:44:25'),(26,26,'quo',0,'1996-06-21 21:35:07'),(27,27,'delectus',0,'2017-05-12 04:57:13'),(28,28,'quo',1,'2000-07-08 02:51:18'),(29,29,'consequatur',1,'1976-04-01 11:06:13'),(30,30,'non',0,'1977-01-24 15:39:33'),(31,31,'sit',1,'2007-02-24 04:12:27'),(32,32,'a',1,'2003-05-06 07:22:22'),(33,33,'ut',0,'1998-11-30 08:23:59'),(34,34,'et',1,'1974-10-14 14:05:45'),(35,35,'nobis',0,'1970-06-24 19:16:08'),(36,36,'ea',0,'1972-10-28 23:52:52'),(37,37,'ullam',0,'1970-01-17 18:21:49'),(38,38,'optio',0,'1973-07-28 12:52:24'),(39,39,'molestiae',0,'1977-05-01 23:44:43'),(40,40,'ducimus',1,'1971-01-23 10:51:16'),(41,41,'corrupti',0,'1972-04-04 18:48:55'),(42,42,'et',0,'1981-05-14 00:20:55'),(43,43,'quo',1,'1984-03-16 07:04:36'),(44,44,'facilis',1,'1989-03-25 07:27:31'),(45,45,'aut',0,'1977-05-07 05:30:01'),(46,46,'voluptatum',1,'1974-10-23 00:19:57'),(47,47,'et',0,'2019-04-11 14:28:12'),(48,48,'placeat',1,'1979-12-10 20:17:04'),(49,49,'sed',0,'1970-03-01 19:41:21'),(50,50,'et',0,'2002-12-12 17:15:14'),(51,51,'iusto',0,'2011-04-15 23:52:43'),(52,52,'incidunt',1,'1974-12-17 23:01:23'),(53,53,'eum',1,'1977-11-11 01:24:54'),(54,54,'ut',0,'1976-08-11 17:38:43'),(55,55,'omnis',1,'1992-12-19 05:38:19'),(56,56,'ab',1,'2016-02-20 06:23:54'),(57,57,'non',1,'2017-12-02 03:13:13'),(58,58,'et',1,'1973-06-20 22:49:43'),(59,59,'et',0,'1994-01-06 02:34:30'),(60,60,'neque',1,'2016-10-16 03:54:45'),(61,61,'illo',0,'2005-07-09 16:53:16'),(62,62,'quia',1,'1985-10-15 15:48:18'),(63,63,'nemo',0,'1996-08-11 07:24:50'),(64,64,'et',0,'1972-04-09 18:53:54'),(65,65,'rerum',0,'1974-11-08 01:03:32'),(66,66,'temporibus',0,'2017-03-27 02:10:17'),(67,67,'ut',0,'2010-11-14 04:03:29'),(68,68,'consequatur',1,'2016-10-23 09:32:45'),(69,69,'tempore',0,'1992-11-06 13:18:50'),(70,70,'hic',0,'1978-03-23 08:46:27'),(71,71,'ea',0,'1999-01-02 15:30:08'),(72,72,'est',1,'1988-09-28 18:14:29'),(73,73,'nemo',1,'2009-04-08 02:44:08'),(74,74,'fugiat',1,'1987-05-19 15:22:13'),(75,75,'sunt',0,'2013-08-15 09:26:11'),(76,76,'ad',0,'1982-01-13 08:51:01'),(77,77,'rerum',0,'1980-01-10 08:00:04'),(78,78,'sit',0,'1987-09-05 08:34:50'),(79,79,'aliquid',0,'2007-06-29 01:20:49'),(80,80,'nam',0,'1978-10-03 10:50:39'),(81,81,'repudiandae',1,'1979-07-14 13:34:05'),(82,82,'facilis',1,'2004-04-24 22:18:49'),(83,83,'eaque',1,'1986-05-12 16:10:03'),(84,84,'dolorum',1,'2005-09-16 05:19:06'),(85,85,'soluta',0,'2000-11-23 16:07:04'),(86,86,'et',0,'2018-09-16 00:40:55'),(87,87,'vel',1,'2020-03-18 23:23:57'),(88,88,'debitis',0,'1981-11-01 17:41:50'),(89,89,'ea',1,'1994-04-23 13:19:35'),(90,90,'qui',1,'2011-04-27 01:09:27'),(91,91,'voluptatum',1,'1991-03-17 08:24:15'),(92,92,'voluptas',0,'1979-02-01 23:52:14'),(93,93,'quisquam',1,'1983-06-01 18:11:53'),(94,94,'earum',1,'1986-02-09 11:58:32'),(95,95,'ea',1,'2012-02-03 11:30:36'),(96,96,'vel',1,'1991-11-25 11:41:40'),(97,97,'dignissimos',1,'1994-01-26 20:22:22'),(98,98,'tempore',1,'2011-10-19 17:16:57'),(99,99,'itaque',1,'2006-03-05 16:44:34'),(100,100,'vitae',1,'2003-03-30 09:33:37');
UNLOCK TABLES;

-- Table structure for table `blog_comments`

DROP TABLE IF EXISTS `blog_comments`;
CREATE TABLE `blog_comments` (
  `id` bigint(20) unsigned NOT NULL AUTO_INCREMENT,
  `blog_id` bigint(20) unsigned NOT NULL,
  `user_id` bigint(20) unsigned NOT NULL,
  `message` text COLLATE utf8mb4_unicode_ci DEFAULT NULL,
  `created_at` datetime DEFAULT current_timestamp(),
  `updated_at` datetime DEFAULT current_timestamp() ON UPDATE current_timestamp(),
  PRIMARY KEY (`id`),
  KEY `blog_id` (`blog_id`),
  KEY `user_id` (`user_id`),
  CONSTRAINT `blog_comments_ibfk_1` FOREIGN KEY (`blog_id`) REFERENCES `blogs` (`id`) ON DELETE CASCADE ON UPDATE CASCADE,
  CONSTRAINT `blog_comments_ibfk_2` FOREIGN KEY (`user_id`) REFERENCES `users` (`id`) ON DELETE NO ACTION ON UPDATE CASCADE
);

-- Dumping data for table `blog_comments`

LOCK TABLES `blog_comments` WRITE;
INSERT INTO `blog_comments` VALUES
	(1,1,1,'Sint ex quos optio incidunt earum saepe assumenda. Recusandae iure quibusdam aut eaque illo. Iste soluta aut dolores maiores.','1974-06-27 19:54:21','1977-09-09 23:57:32'),(2,2,2,'Laborum sit sit consequatur in expedita voluptatem perspiciatis nostrum. Consequuntur doloremque ullam dignissimos nemo. Quasi nesciunt adipisci qui error autem a possimus.','1997-02-01 22:59:59','2011-02-11 08:02:46'),(3,3,3,'Ut repellendus veritatis eum quaerat fuga in explicabo. Rerum animi quia ut itaque culpa quo. Qui magni quaerat labore est aperiam rerum.','2013-04-09 10:14:24','2004-09-28 15:05:14'),(4,4,4,'Cupiditate eaque laboriosam sunt autem ipsa. Eum reprehenderit nemo ad enim. Quia est vitae veritatis ut occaecati. Et doloremque voluptas repudiandae facere laudantium ipsam quidem aut.','1999-11-30 21:38:05','1999-02-02 06:27:50'),(5,5,5,'Vel commodi vel accusantium. Quibusdam vitae et nam similique. Saepe labore a aut sapiente hic aut. Ex illum culpa asperiores et.','1988-11-03 03:19:49','1992-09-07 00:46:50'),(6,6,6,'Nihil rerum iste quis ut. Illum animi dolorem vel dolor maiores odio dolor porro. Quo cumque saepe qui voluptates consequatur. Et aut ut ipsam qui eveniet.','1980-03-16 02:24:24','1971-11-20 04:09:49'),(7,7,7,'Itaque necessitatibus earum quaerat beatae. Perferendis fuga consequatur voluptas sunt est eaque aspernatur id. Ut quia laboriosam asperiores nihil dicta velit dolorum ab.','2000-09-26 14:44:39','2016-08-25 07:11:06'),(8,8,8,'Aut et quia consectetur voluptatibus consequatur. Consequatur aspernatur et ipsam numquam quasi nisi. Aut dolores libero nulla dicta illum maxime. Omnis eos facere eveniet pariatur.','1970-07-03 14:18:55','1984-06-03 16:23:57'),(9,9,9,'Voluptates rem aut est a rerum. Vel consequatur non sequi necessitatibus. Et rem cum sunt ad quas animi earum. Et sed aspernatur aut quia minus pariatur.','1992-12-23 04:06:17','2014-09-04 09:26:42'),(10,10,10,'Rerum deleniti dignissimos ut sint tenetur. Nobis dolorem rerum ipsa quis. Est cupiditate quaerat repudiandae voluptatem ipsum. Id ut cum voluptatum libero ea velit.','2009-06-13 15:21:09','1971-11-10 22:22:01'),(11,11,11,'Illo tempore laborum earum fugiat aut explicabo veniam esse. Debitis impedit eveniet vel deserunt. Praesentium dolor facere aut fugiat consequatur ipsum. Aut qui rerum ut amet soluta.','1987-02-26 07:08:28','2007-05-07 20:01:10'),(12,12,12,'Excepturi ex corporis temporibus deleniti perspiciatis. Nisi quia et libero in. Labore aut provident ullam nemo eveniet aliquid. Qui sit odio sed recusandae.','2004-12-20 11:54:40','1993-10-31 15:49:00'),(13,13,13,'Possimus neque perferendis id rem quis qui. Voluptas asperiores fugit in quaerat. Inventore vero ipsam aut odit quia odio aut.','2009-04-04 10:40:09','1995-04-27 02:20:04'),(14,14,14,'Nihil laborum iusto laborum autem alias quibusdam. Cumque ea similique sit aspernatur cumque quae velit quas. In impedit illo error dolorem amet ut. Voluptas quia tenetur sed voluptatem velit eos ducimus.','1985-08-06 10:00:42','1983-06-17 21:19:22'),(15,15,15,'Et dicta quis quia error enim reiciendis voluptates odit. Quo deserunt incidunt ad optio minima expedita amet rerum.','1992-02-16 18:08:43','2017-10-12 12:42:36'),(16,16,16,'Est non debitis qui quia qui nam id. Ea doloribus exercitationem ipsa nesciunt consequatur. Impedit aut et et quo et cupiditate eum beatae.','1986-09-27 02:29:59','1978-05-12 12:54:30'),(17,17,17,'Modi delectus ut non minima tempore qui. Labore sequi rem nihil consequatur. Et ea tenetur porro aspernatur eum voluptatem nam sit.','1986-03-09 16:00:39','1974-02-04 08:32:44'),(18,18,18,'Et qui voluptatem labore voluptatem aliquid. Ea eius voluptatem repellendus omnis aliquid qui. Ut ut repudiandae numquam labore quaerat dolor corrupti porro.','2020-06-03 03:46:25','1971-04-12 21:41:09'),(19,19,19,'Earum facere est repellat deleniti dolores velit. Qui necessitatibus autem pariatur error consequatur sequi in. Quibusdam rerum est ad totam repellendus vitae.','1991-03-26 06:22:29','1996-09-22 19:03:52'),(20,20,20,'Rerum consequuntur omnis quis quia omnis facilis reiciendis. Pariatur cupiditate deleniti dolorem magnam necessitatibus. Architecto itaque pariatur unde. Et quia facere dolore nam.','2019-07-24 07:37:03','1987-07-31 12:04:04'),(21,21,21,'Quis sit quis dignissimos omnis aliquid esse vel ipsam. Id vero incidunt suscipit magni ut delectus aliquid. Voluptatem omnis et qui necessitatibus maiores. Repudiandae laborum harum error dolor ea.','1995-11-06 09:49:07','2005-11-16 02:06:49'),(22,22,22,'Ea et in laborum vero est mollitia. Ea fugiat enim distinctio natus labore amet aut magnam. Enim quos dicta dolorem sint quia nesciunt labore.','2002-01-15 08:49:26','1974-09-21 05:40:13'),(23,23,23,'In modi recusandae ea ut aut omnis dignissimos vel. Sequi vel voluptatem et. Blanditiis sed earum et molestiae et.','1986-03-02 10:38:16','1990-04-24 12:54:28'),(24,24,24,'Minima laborum accusamus distinctio voluptatem nobis voluptas maxime. Perspiciatis maiores ipsum voluptatum quos consequatur ex cum dolorem. Voluptas at consectetur hic earum cum nemo culpa.','2013-11-13 17:19:32','2017-01-19 17:40:34'),(25,25,25,'Aut aut molestiae sequi assumenda sed laborum totam. Aut quia eum ratione sit. Voluptatem vitae dolorem quis recusandae.','1981-07-30 23:20:16','1998-11-25 18:26:39'),(26,26,26,'Repellendus tempora nostrum assumenda modi et officiis non ut. Exercitationem aut veritatis molestias doloremque.','1973-10-17 20:30:57','2001-01-12 13:02:39'),(27,27,27,'Aut sed voluptas animi optio voluptatibus. Animi necessitatibus nihil error fugiat maiores in. In aut necessitatibus et consequatur consectetur.','1979-09-06 06:50:10','1973-10-12 19:22:03'),(28,28,28,'Sed porro ea dolor assumenda explicabo omnis. Voluptates quis autem praesentium nemo veniam et. Minus qui tenetur et praesentium rem quidem. Eveniet porro magni ut qui perferendis optio. Nobis sapiente veritatis provident quis.','1970-03-28 20:22:55','1992-02-22 18:09:52'),(29,29,29,'Saepe eum porro et vitae perspiciatis et qui veniam. Maxime magni eos et. In sunt sint autem quos nihil.','1973-06-23 00:19:16','1983-11-18 09:52:41'),(30,30,30,'Illo tenetur laborum ut totam reprehenderit fuga. Maxime laudantium et culpa voluptatem et distinctio. Debitis suscipit placeat et autem.','1985-01-23 18:27:18','2005-08-06 04:19:28'),(31,31,31,'Itaque corporis necessitatibus eos in molestiae et iure aperiam. Ut at est optio aut odit. Aut quam earum atque. Minus culpa nam quo.','1980-10-13 07:46:35','2017-03-17 09:07:18'),(32,32,32,'Ex aut numquam est voluptates temporibus. Facilis dolores vero nulla. Placeat minima nihil excepturi quos unde. Qui officia illo incidunt ut quos ipsa laborum.','2015-10-25 15:43:07','2014-06-15 04:34:08'),(33,33,33,'Asperiores explicabo ut quod. Et consequuntur unde incidunt quos. Minus id odit ducimus ipsa totam maxime mollitia. Atque molestiae beatae quia ut.','1986-06-27 17:42:28','2007-08-16 12:13:18'),(34,34,34,'Perspiciatis aut perspiciatis veritatis culpa perspiciatis. Inventore quo hic consequatur iusto quis iste. Non ea deserunt quia commodi. Consequatur recusandae cumque perferendis.','1971-11-01 10:42:47','1990-05-15 06:49:24'),(35,35,35,'Eos quo aliquam ipsum non. Distinctio odit eos aut. Omnis nesciunt id error omnis. Libero error suscipit enim dignissimos veniam.','2008-11-25 03:27:35','2017-03-22 16:20:04'),(36,36,36,'Id suscipit voluptas sunt est ut et. Id quia illum quia reiciendis delectus consequuntur. Suscipit debitis excepturi iste beatae sit provident.','1993-01-21 16:35:14','1999-10-29 08:20:43'),(37,37,37,'Ut quia quia aut non distinctio aut aliquam eius. Facere quo qui et nihil nobis. Architecto commodi quia possimus omnis omnis.','1970-04-19 06:29:44','2014-04-27 18:04:23'),(38,38,38,'Qui sapiente consequatur ratione voluptatem assumenda. Dolorum dolor expedita repudiandae pariatur libero iusto eius.','1983-05-04 17:51:24','2004-10-16 13:43:34'),(39,39,39,'Ea ut iste cumque tenetur unde modi maxime magnam. Eveniet molestiae excepturi molestiae asperiores animi velit. Id illum voluptas et ab ex et.','1997-09-24 07:03:22','1987-12-25 12:14:22'),(40,40,40,'Sit iste quia eos aliquam iure. Aut explicabo odit molestiae voluptates minima. Consequatur consequatur ipsa error similique aut non amet repudiandae.','2010-03-28 20:13:27','2003-03-17 00:56:19'),(41,41,41,'Omnis fugit ipsa iste harum esse ut. Aut in voluptas est rerum dolorum et et. Qui similique aspernatur quisquam sed dolore et.','1987-05-29 07:24:43','1997-05-12 18:17:38'),(42,42,42,'Alias magni veniam blanditiis libero placeat cupiditate. Aut voluptatem aut eum illo voluptatibus et ducimus inventore. Praesentium sed dolore id saepe et. Ab perspiciatis ex earum est a. Eveniet sequi ut quos tempore iusto et temporibus.','1975-08-17 15:02:09','1993-07-26 02:21:48'),(43,43,43,'Delectus quibusdam veritatis ab dignissimos et beatae. Nulla harum dolore recusandae accusamus error. Esse corporis error voluptas dignissimos corrupti. Sit expedita necessitatibus voluptatem molestiae.','1970-06-02 03:44:02','1988-01-26 06:21:47'),(44,44,44,'Sequi repudiandae iure at. Quis maiores officiis et. Praesentium repellat commodi exercitationem id facere magnam ut. Et voluptatem sit cum molestiae modi.','1994-05-28 02:03:26','1999-08-23 07:04:58'),(45,45,45,'Tempore fugiat non aut veritatis numquam enim. Consequuntur quisquam ratione doloremque quasi eum dolorum excepturi. Itaque iure quos voluptates facilis cum sed.','2009-11-11 07:58:29','2012-05-23 10:21:18'),(46,46,46,'Molestiae et id quasi voluptatem harum similique. Iure qui veniam tempora ad quae minus. Voluptas id et incidunt et veniam illum sit.','2011-10-20 09:45:03','2020-06-30 18:06:07'),(47,47,47,'Sed est quis vero illo praesentium est mollitia. Perspiciatis ipsam deserunt dolores culpa sunt cum veritatis voluptatem. Quo fugiat reiciendis magnam ut.','2005-07-18 12:43:35','1992-07-25 22:34:52'),(48,48,48,'Impedit odio rerum soluta. Quis tempora occaecati minus autem doloremque optio. Inventore ut amet libero. Repellendus sequi tempore et similique sed dolore.','1991-02-14 20:36:57','2003-10-31 07:49:11'),(49,49,49,'Autem a omnis eius quo cumque nemo. Ea accusamus dolore ut. Recusandae et omnis culpa quos eveniet aliquam distinctio. Qui magnam vero tenetur.','2005-10-15 03:37:33','1976-05-01 04:06:09'),(50,50,50,'Harum perferendis ut voluptatum sed dolor corporis soluta et. Molestiae qui sapiente odit sed tenetur culpa maiores. Quaerat alias perspiciatis provident consequuntur quo rerum.','2013-07-18 12:29:50','1994-04-09 07:09:23'),(51,51,51,'Ex eos alias molestiae deserunt soluta iste. Blanditiis et sunt alias commodi. Repellat labore laudantium voluptas sapiente distinctio dicta. Non facilis necessitatibus consequuntur non voluptatem sit quo. Dicta dolor ab est impedit deserunt illo quo.','1987-05-05 15:44:22','1997-02-03 03:02:16'),(52,52,52,'Ipsum est ullam cum corporis iusto. Cumque labore provident dolores qui quos vel sunt. Blanditiis modi perspiciatis nihil dolor. Quia qui quibusdam id eius magni sit rerum. Pariatur debitis ut enim fuga at nesciunt.','1991-05-22 23:11:45','1975-02-27 06:46:27'),(53,53,53,'Dolor voluptatem dolorum illo et. Necessitatibus ex dicta ullam itaque. Molestiae ipsam ipsa et nostrum laboriosam. Libero magnam rerum incidunt deleniti. Porro fugit voluptatum quibusdam vitae ipsam.','1970-12-26 23:16:04','2007-11-22 17:32:41'),(54,54,54,'Assumenda quia quia molestiae et. Eligendi id blanditiis eum quia. In rerum nihil et ipsum consequuntur libero soluta.','1989-11-22 21:05:36','1970-01-29 08:03:46'),(55,55,55,'Autem similique voluptatem qui vel. Perspiciatis rerum debitis qui nobis ad. Dolor aliquam consectetur sit id numquam nostrum delectus. Ut quisquam ad dolor eos.','2012-07-28 01:53:48','2019-09-24 23:29:35'),(56,56,56,'Sed alias dolorem tempore. Commodi quaerat quia et dolorum. Et quo incidunt quidem eligendi rerum repudiandae. Magni tempora praesentium tempora eos et quasi.','1970-08-12 19:53:40','2012-12-16 09:51:53'),(57,57,57,'Sapiente impedit doloribus fugit eius ut eveniet. Rerum dolores maxime odio ipsa vel provident velit mollitia. Libero quod libero non quidem odit possimus.','2015-04-16 11:23:41','1979-08-07 14:37:21'),(58,58,58,'Impedit ipsam aut consequatur et eaque. Saepe adipisci exercitationem ut dolor earum. Consequatur omnis eligendi quisquam dolorem laborum praesentium. Autem est amet nulla.','1990-05-02 05:22:00','2021-01-25 09:45:48'),(59,59,59,'Et laboriosam reiciendis velit harum neque neque assumenda hic. Cupiditate ipsum quia quia. Ut natus error vel perspiciatis voluptatem hic et. Eaque laborum aut non perspiciatis.','1970-05-02 19:12:47','1977-12-12 17:44:54'),(60,60,60,'Reprehenderit repellat commodi sunt aut voluptas deleniti. Consectetur illum non sint dolores. Quo ad qui eos dolorem aspernatur possimus sint quis.','1981-02-22 21:28:24','2006-10-10 05:57:36'),(61,61,61,'Amet eligendi quaerat ducimus eos eligendi occaecati cupiditate. Veritatis consequatur aut voluptas. Quis qui quas a impedit.','1982-05-16 18:02:28','2008-03-29 09:49:06'),(62,62,62,'Hic ipsum id aut corporis consequatur quod. Aspernatur suscipit id dignissimos veniam. Quaerat occaecati autem repellendus natus tenetur autem.','1992-06-24 04:36:01','2011-05-25 09:53:26'),(63,63,63,'Officiis maxime fugit aut ut aliquid modi. Rerum sit nemo asperiores aperiam molestias deserunt. Debitis molestiae ipsum eius et eveniet tempora. Natus labore soluta esse quis sed.','1978-08-04 00:56:51','1977-09-16 02:42:00'),(64,64,64,'Quo magnam qui odio velit. Veniam aspernatur blanditiis ut maxime voluptatem est qui. Accusamus velit atque repellendus nisi alias. Aut iusto labore aspernatur minus.','2000-07-03 01:33:23','1977-12-09 19:12:00'),(65,65,65,'Consectetur et enim beatae sint officia provident. Corporis quibusdam nihil ipsum. Quis dolores porro sunt possimus sint.','1989-07-13 10:47:12','2003-08-25 02:21:23'),(66,66,66,'Est ut enim est ea. Dolorum est consequuntur sed praesentium nam est. Dolorum voluptatum magnam esse sed.','2013-09-20 05:19:52','1988-10-17 12:01:19'),(67,67,67,'Commodi expedita et ut quos sed architecto. Magnam eveniet rerum amet voluptatem impedit eaque. A enim cumque non similique repellat.','1976-04-08 07:21:08','1991-01-14 22:25:55'),(68,68,68,'Ullam aut eos aliquam aliquid esse minima autem et. Doloribus tenetur praesentium quibusdam consequatur debitis iusto sit. Aut ab quasi molestiae dignissimos consequatur ab ea.','1991-01-19 03:02:51','2015-05-30 14:27:46'),(69,69,69,'Hic dolorem ut nostrum autem. Dolorem ut non voluptatem amet tenetur. Consectetur aut in officia nam.','1994-11-12 00:40:28','2002-07-12 15:12:40'),(70,70,70,'Soluta dolor quia ea. Fuga et aspernatur minus enim. Illum perferendis suscipit quos nihil consectetur dolorum aut debitis.','1983-05-04 03:26:13','1981-12-01 23:28:35'),(71,71,71,'Voluptas et rerum ad enim itaque quasi eveniet voluptatibus. Voluptas nulla nobis voluptatem officiis ut velit perferendis libero. Saepe consequatur corporis architecto ad. Repellendus delectus repudiandae perspiciatis nesciunt ipsam culpa. Quis itaque repellat nostrum eaque vel.','2008-09-07 13:49:03','2014-01-01 12:31:45'),(72,72,72,'Nemo nostrum et ut quasi. Dicta eaque porro quod quia.','1977-11-22 18:44:22','2015-07-15 06:33:32'),(73,73,73,'Est nisi dolorem quis. Qui dicta aperiam qui quidem aperiam maxime. Nulla nihil quia quia et. Est dolor error et qui.','2013-01-03 06:51:56','2005-10-18 20:29:45'),(74,74,74,'Distinctio quidem qui eum. Officia omnis mollitia omnis asperiores magni eius ea. Sit aut quaerat impedit minima.','1994-05-06 09:21:50','2016-03-11 04:34:48'),(75,75,75,'Cupiditate autem et consequatur expedita. Molestiae suscipit nostrum facilis aut eum. Voluptates ut in molestiae aut.','2015-09-19 18:20:57','2016-08-08 22:42:21'),(76,76,76,'Voluptatem sunt ipsum dignissimos voluptas culpa. Facilis eius laboriosam iure excepturi cumque. Sint sit nesciunt quia.','1996-05-31 23:06:19','1974-07-01 11:11:31'),(77,77,77,'Dignissimos et rerum voluptates consectetur omnis reprehenderit praesentium. Velit et earum ut error id. Veritatis saepe esse non.','1981-11-05 20:11:37','1976-07-19 07:30:09'),(78,78,78,'Sed maxime at impedit illum eos et. Blanditiis quas omnis suscipit vero sint possimus quibusdam molestiae. Quae sunt dolores alias quas.','1976-02-20 16:05:06','1975-06-21 22:32:55'),(79,79,79,'Placeat similique sed nisi sed. Architecto aut hic odio sed corrupti. Quos aliquid tempore ex voluptates. Delectus maiores necessitatibus est modi aliquid. Et est facere nam.','2008-09-17 14:34:46','2004-12-22 18:08:28'),(80,80,80,'Veniam aut et architecto ad culpa rerum sint qui. Aut aut voluptatem aut eligendi. Voluptatibus eum amet perferendis quas et eligendi. Suscipit autem iusto maxime error ipsum impedit unde.','1986-03-24 10:55:22','1993-07-29 05:00:24'),(81,81,81,'Dolorum perferendis impedit voluptas. Laborum recusandae dolores quia ducimus eligendi ducimus.','1988-08-05 18:17:17','1987-05-21 17:24:00'),(82,82,82,'Laboriosam quae qui sed sed omnis. Corporis labore in nemo ea maiores.','1974-03-05 17:03:03','1971-10-09 22:39:21'),(83,83,83,'Consequatur voluptatem at esse culpa. Omnis et itaque dignissimos. In sed in ut quasi. Et velit et rerum aut.','2003-10-12 15:52:42','2020-02-14 07:36:13'),(84,84,84,'Molestiae praesentium aut provident quam commodi pariatur nihil. Corrupti delectus adipisci occaecati quis sed. Dolores eius dolore qui officiis ratione omnis.','2008-02-09 22:27:17','1983-11-29 07:43:54'),(85,85,85,'Quis ut voluptatibus cum illum consequatur at ipsa est. Labore ut sit animi adipisci ab autem quidem aperiam. Porro in omnis impedit est ea ut quia voluptatem.','1995-08-17 07:28:20','1994-07-06 10:14:41'),(86,86,86,'Sed voluptas et itaque suscipit exercitationem quod. Rem consequatur velit quae dolores aperiam delectus facilis. Exercitationem magni exercitationem doloribus ipsa quo officia quia.','2004-05-19 15:02:48','1970-11-06 00:36:44'),(87,87,87,'Est deserunt rerum ut exercitationem ipsum eius totam. Voluptatem ut eius minima eum repellat odio. Et aut ut voluptas sequi asperiores magnam. Sed sapiente voluptatem aut iusto id ut magni beatae.','2006-09-16 22:28:26','2006-12-24 22:16:20'),(88,88,88,'Distinctio et veniam saepe voluptatum esse eos maiores. Asperiores ut nihil iste dolores omnis iusto doloremque inventore. Aut fugiat earum sint suscipit voluptatem nostrum incidunt. Et dolores perferendis ut est eaque occaecati ut laudantium.','2015-03-18 14:11:25','2008-12-15 13:42:02'),(89,89,89,'Ducimus recusandae voluptate quos ipsa similique et. Debitis asperiores delectus praesentium fugit. Ut doloribus illum et repudiandae. Eveniet facere velit aspernatur quia.','2008-10-20 01:42:07','1992-10-06 07:04:31'),(90,90,90,'Consequatur cupiditate quod omnis modi. Non ratione ratione voluptatum unde adipisci quasi omnis. Voluptatem qui est perferendis quasi consequuntur reprehenderit amet ea. Expedita necessitatibus voluptas esse qui repellendus veniam.','1975-09-21 21:52:01','1993-09-04 15:20:19'),(91,91,91,'Numquam nihil quae voluptas ipsam quam beatae earum. Quia et consequatur quasi neque exercitationem ipsa provident. Quos aut at consequatur perferendis quos vero eveniet.','1988-10-31 01:49:41','1971-05-24 04:11:21'),(92,92,92,'Dolorem amet ut alias. Nemo ut error nisi facilis. Fugit quod aut sed assumenda temporibus minus enim.','1981-04-19 03:29:57','2014-01-29 17:39:14'),(93,93,93,'Nulla vero mollitia aut quam. Autem fuga ea maiores adipisci. Dolores similique eaque amet. Omnis ut et sit est.','1980-07-01 16:50:03','1996-02-27 00:45:10'),(94,94,94,'Quibusdam nemo tempora omnis dolorem porro omnis. Eveniet tempore error quisquam inventore vel. Itaque vitae tenetur sed reiciendis. Temporibus rem corporis repellat rem rerum est tempora.','2002-11-17 11:56:00','1987-08-09 11:15:07'),(95,95,95,'Ad alias nesciunt quia minus quas non dolorem non. Suscipit magni debitis voluptates inventore veniam est. Ut laborum non repudiandae distinctio.','1996-11-25 20:55:35','1988-12-11 07:33:47'),(96,96,96,'Aut voluptas natus labore tempore quidem dolorum. Minima voluptatibus ipsum eius quas cupiditate labore. Repellat ut vel est error aut commodi. Itaque facere accusamus laborum molestiae. Adipisci maiores qui sunt distinctio quaerat quis ut.','1972-01-17 02:33:53','2010-11-21 21:13:57'),(97,97,97,'Incidunt doloremque vel laborum labore aut quidem. Sint vel tempore suscipit placeat.','2009-09-06 20:44:08','1993-04-29 22:09:53'),(98,98,98,'Id est delectus quisquam eligendi magnam. Nulla facere qui dolor aut nemo voluptas voluptatem. Nostrum laboriosam ut ex cupiditate earum quo voluptas. Commodi similique ea alias illum reprehenderit.','1978-03-02 01:18:29','1992-01-15 17:16:53'),(99,99,99,'Assumenda aut repudiandae autem incidunt beatae. Accusantium quos incidunt quia. Illo aperiam et saepe cupiditate harum dolores aut in.','2013-08-23 06:26:37','2008-08-07 01:45:19'),(100,100,100,'Fugit voluptate ut asperiores dicta aspernatur fugiat a. Aperiam dolorem modi in nemo animi qui est. Mollitia asperiores repellat quae et est ad.','1972-03-25 14:54:05','2008-02-15 06:02:29');
UNLOCK TABLES;

-- Table structure for table `communities`

DROP TABLE IF EXISTS `communities`;
CREATE TABLE `communities` (
  `id` bigint(20) unsigned NOT NULL AUTO_INCREMENT,
  `name` varchar(150) COLLATE utf8mb4_unicode_ci DEFAULT NULL,
  `admin_user_id` bigint(20) unsigned DEFAULT NULL,
  PRIMARY KEY (`id`),
  KEY `communities_name_idx` (`name`),
  KEY `admin_user_id` (`admin_user_id`),
  CONSTRAINT `communities_ibfk_1` FOREIGN KEY (`admin_user_id`) REFERENCES `users` (`id`) ON DELETE SET NULL ON UPDATE CASCADE
);

-- Dumping data for table `communities`

LOCK TABLES `communities` WRITE;
INSERT INTO `communities` VALUES
	(1,'aut',1),(2,'quia',2),(3,'dignissimos',3),(4,'inventore',4),(5,'sit',5),(6,'eaque',6),(7,'quisquam',7),(8,'omnis',8),(9,'fuga',9),(10,'reiciendis',10),(11,'ut',11),(12,'mollitia',12),(13,'aut',13),(14,'est',14),(15,'laboriosam',15),(16,'asperiores',16),(17,'numquam',17),(18,'fuga',18),(19,'a',19),(20,'nulla',20),(21,'voluptatibus',21),(22,'atque',22),(23,'ut',23),(24,'beatae',24),(25,'aliquid',25),(26,'debitis',26),(27,'deleniti',27),(28,'qui',28),(29,'et',29),(30,'quos',30),(31,'et',31),(32,'numquam',32),(33,'accusamus',33),(34,'nulla',34),(35,'esse',35),(36,'aliquam',36),(37,'atque',37),(38,'sit',38),(39,'error',39),(40,'molestias',40),(41,'alias',41),(42,'inventore',42),(43,'voluptatem',43),(44,'est',44),(45,'officia',45),(46,'eos',46),(47,'autem',47),(48,'consequatur',48),(49,'debitis',49),(50,'qui',50),(51,'ad',51),(52,'quasi',52),(53,'asperiores',53),(54,'voluptate',54),(55,'nobis',55),(56,'atque',56),(57,'sed',57),(58,'sunt',58),(59,'nemo',59),(60,'sint',60),(61,'commodi',61),(62,'deleniti',62),(63,'possimus',63),(64,'consequuntur',64),(65,'alias',65),(66,'omnis',66),(67,'non',67),(68,'exercitationem',68),(69,'sequi',69),(70,'et',70),(71,'nihil',71),(72,'et',72),(73,'aut',73),(74,'sunt',74),(75,'voluptas',75),(76,'nesciunt',76),(77,'sed',77),(78,'et',78),(79,'aspernatur',79),(80,'sit',80),(81,'in',81),(82,'quia',82),(83,'omnis',83),(84,'quia',84),(85,'fuga',85),(86,'doloribus',86),(87,'optio',87),(88,'nulla',88),(89,'et',89),(90,'et',90),(91,'minus',91),(92,'molestias',92),(93,'velit',93),(94,'blanditiis',94),(95,'expedita',95),(96,'sed',96),(97,'veniam',97),(98,'adipisci',98),(99,'delectus',99),(100,'animi',100);
UNLOCK TABLES;

-- Table structure for table `friend_requests`

DROP TABLE IF EXISTS `friend_requests`;
CREATE TABLE `friend_requests` (
  `initiator_user_id` bigint(20) unsigned NOT NULL,
  `target_user_id` bigint(20) unsigned NOT NULL,
  `status` enum('requested','approved','declined','unfriended') COLLATE utf8mb4_unicode_ci DEFAULT NULL,
  `requested_at` datetime DEFAULT current_timestamp(),
  `updated_at` datetime DEFAULT NULL ON UPDATE current_timestamp(),
  PRIMARY KEY (`initiator_user_id`,`target_user_id`),
  KEY `target_user_id` (`target_user_id`),
  CONSTRAINT `friend_requests_ibfk_1` FOREIGN KEY (`initiator_user_id`) REFERENCES `users` (`id`) ON DELETE CASCADE ON UPDATE CASCADE,
  CONSTRAINT `friend_requests_ibfk_2` FOREIGN KEY (`target_user_id`) REFERENCES `users` (`id`) ON DELETE CASCADE ON UPDATE CASCADE
);


-- Dumping data for table `friend_requests`

LOCK TABLES `friend_requests` WRITE;
INSERT INTO `friend_requests` VALUES
	(1,1,'declined','1975-04-16 11:20:11','2013-03-23 11:07:43'),(2,2,'approved','2020-12-06 18:46:05','1974-11-07 18:36:53'),(3,3,'requested','2001-04-27 00:15:40','2003-04-17 13:27:12'),(4,4,'unfriended','1975-10-05 17:45:59','1984-08-20 17:33:58'),(5,5,'requested','1978-06-06 19:11:42','1987-05-11 14:04:53'),(6,6,'declined','2006-06-20 02:19:25','1998-08-03 20:46:00'),(7,7,'declined','1996-05-08 06:49:49','2001-01-02 00:19:10'),(8,8,'requested','1994-11-21 03:12:21','1987-04-19 23:31:57'),(9,9,'declined','2014-12-25 05:58:15','2001-02-16 04:47:05'),(10,10,'declined','2007-09-24 10:00:02','2012-08-31 18:52:47'),(11,11,'declined','1993-03-26 09:15:24','1984-01-27 06:50:09'),(12,12,'unfriended','1982-05-19 08:10:07','1987-05-30 00:49:55'),(13,13,'approved','1990-10-16 20:19:27','2007-07-29 04:53:26'),(14,14,'declined','1996-07-29 11:56:36','2013-11-20 13:54:27'),(15,15,'declined','1986-11-01 18:45:54','1989-05-02 06:14:14'),(16,16,'declined','1975-04-03 05:21:44','2012-05-06 01:43:39'),(17,17,'requested','1970-09-15 04:56:31','1982-10-15 12:36:27'),(18,18,'requested','1996-03-09 00:33:32','2012-05-04 10:35:46'),(19,19,'requested','1996-09-12 08:46:31','1984-05-12 11:01:25'),(20,20,'unfriended','1980-04-16 09:48:33','1993-07-26 07:00:46'),(21,21,'declined','1976-07-01 03:32:57','1987-09-13 16:59:09'),(22,22,'declined','1988-07-25 04:15:36','1988-01-27 15:31:49'),(23,23,'approved','1978-08-20 01:33:49','1984-10-09 10:14:13'),(24,24,'declined','1996-10-02 18:59:42','1972-09-25 23:03:13'),(25,25,'approved','1974-06-14 08:26:20','2012-07-12 10:22:54'),(26,26,'approved','1975-10-25 11:32:46','1997-01-10 21:27:39'),(27,27,'declined','2018-03-24 20:29:57','1982-01-17 21:32:34'),(28,28,'declined','1997-05-29 21:49:58','1999-11-09 04:41:20'),(29,29,'approved','1970-05-10 01:36:04','2020-08-21 09:50:46'),(30,30,'declined','1971-04-04 19:00:08','1972-11-30 09:20:28'),(31,31,'declined','1989-04-08 13:07:46','1981-03-09 02:03:50'),(32,32,'declined','2014-11-27 10:45:06','1986-04-22 16:44:56'),(33,33,'approved','2008-05-10 05:43:28','2006-12-07 01:34:48'),(34,34,'unfriended','1997-08-26 15:52:53','2001-07-18 14:24:12'),(35,35,'approved','2007-08-31 08:29:33','1971-01-06 17:53:02'),(36,36,'declined','1987-09-21 21:51:35','2018-08-09 13:19:39'),(37,37,'unfriended','2017-07-08 08:04:12','1995-11-08 06:55:23'),(38,38,'requested','2003-03-09 19:58:46','1976-10-28 18:42:58'),(39,39,'unfriended','1983-07-17 12:51:29','1975-01-23 10:15:42'),(40,40,'unfriended','1982-09-04 18:52:03','1974-01-07 21:58:54'),(41,41,'approved','1979-06-26 12:07:08','2005-02-28 01:25:46'),(42,42,'unfriended','1989-05-11 02:11:52','1978-10-22 02:30:33'),(43,43,'declined','2017-05-05 07:31:29','1970-03-30 12:00:44'),(44,44,'unfriended','2005-12-27 00:25:25','2007-11-08 23:41:25'),(45,45,'unfriended','2008-07-15 15:35:27','2015-12-23 09:56:01'),(46,46,'declined','2012-10-13 20:05:35','1987-05-11 17:38:35'),(47,47,'declined','2005-05-05 10:18:43','1982-04-10 00:09:58'),(48,48,'approved','2007-04-05 06:07:48','2018-09-18 17:00:49'),(49,49,'declined','1989-03-23 15:55:40','1978-10-09 09:45:24'),(50,50,'declined','1988-09-24 17:31:21','2016-07-10 05:40:07'),(51,51,'approved','1973-09-22 12:46:59','1976-12-09 22:05:01'),(52,52,'approved','2011-06-03 21:32:26','2002-07-20 19:03:57'),(53,53,'approved','2000-09-16 07:29:35','2015-04-27 21:06:37'),(54,54,'approved','1985-01-08 14:57:32','1997-01-09 13:56:32'),(55,55,'requested','2011-07-06 06:42:11','1989-09-19 22:52:45'),(56,56,'unfriended','2015-04-18 14:27:11','1984-08-18 05:19:49'),(57,57,'approved','1988-07-19 07:33:37','2015-12-24 20:01:52'),(58,58,'unfriended','2001-01-01 10:16:28','2017-09-29 11:14:12'),(59,59,'approved','1973-03-22 16:19:06','1971-09-26 03:13:00'),(60,60,'approved','2007-11-15 09:39:20','1990-06-06 00:12:34'),(61,61,'approved','2005-08-14 12:49:50','2007-11-27 13:41:28'),(62,62,'unfriended','2012-06-06 11:15:10','1988-08-13 07:23:55'),(63,63,'declined','1987-11-22 19:17:26','1993-07-20 18:36:12'),(64,64,'approved','1999-08-27 17:32:09','1978-01-04 01:45:30'),(65,65,'requested','1996-06-18 04:11:52','1977-05-16 11:54:45'),(66,66,'declined','1970-07-07 04:45:34','1991-06-10 11:31:53'),(67,67,'approved','2018-01-12 01:35:25','2015-01-28 01:50:30'),(68,68,'unfriended','1996-03-06 16:17:27','1997-10-22 08:00:20'),(69,69,'approved','2020-05-14 19:13:36','2012-05-12 23:07:00'),(70,70,'declined','1977-04-22 00:44:16','1987-09-25 21:06:27'),(71,71,'unfriended','1981-08-05 20:43:48','1980-01-24 07:38:43'),(72,72,'unfriended','1985-10-15 06:30:52','1989-10-02 13:27:25'),(73,73,'approved','1975-10-22 16:26:04','1978-02-17 17:24:58'),(74,74,'approved','1996-10-15 00:15:31','1989-06-18 10:59:43'),(75,75,'requested','1993-02-03 06:21:27','1979-11-30 22:39:06'),(76,76,'requested','1989-02-16 07:53:15','1998-04-07 13:45:22'),(77,77,'approved','1980-09-29 02:02:02','2008-06-04 23:01:43'),(78,78,'approved','2008-12-24 09:24:13','2008-06-04 09:36:12'),(79,79,'requested','1974-03-14 14:02:41','2017-03-19 06:19:05'),(80,80,'requested','2012-02-28 21:17:11','1972-08-25 11:31:34'),(81,81,'unfriended','1984-04-28 03:51:59','1974-11-27 17:10:37'),(82,82,'unfriended','1991-05-16 07:16:15','2005-03-16 19:41:14'),(83,83,'unfriended','1983-06-13 13:37:33','2007-03-10 11:06:28'),(84,84,'declined','1988-02-11 19:30:05','2001-05-23 10:34:39'),(85,85,'approved','1991-01-23 13:32:42','1981-03-22 07:50:44'),(86,86,'approved','2020-02-07 00:39:54','1986-07-10 20:00:34'),(87,87,'approved','1975-08-02 19:39:56','1978-03-26 00:53:38'),(88,88,'declined','1988-07-21 08:28:34','2006-11-26 21:58:35'),(89,89,'approved','1979-04-25 00:17:45','1987-11-27 02:56:32'),(90,90,'approved','2008-01-13 03:26:35','2003-01-01 04:52:41'),(91,91,'requested','2012-10-04 15:47:02','2020-08-28 11:17:58'),(92,92,'requested','2019-04-09 16:26:01','1987-10-29 06:31:01'),(93,93,'unfriended','2005-05-06 18:15:18','2011-12-14 09:50:12'),(94,94,'unfriended','1999-07-03 18:51:48','1987-01-09 12:46:42'),(95,95,'unfriended','2006-03-16 16:07:21','1988-06-28 16:16:03'),(96,96,'unfriended','2013-02-26 18:04:21','2001-03-27 14:52:15'),(97,97,'requested','2014-04-14 08:17:31','1992-06-09 03:53:45'),(98,98,'requested','2018-07-07 17:58:47','1974-07-16 06:22:22'),(99,99,'requested','1990-02-20 17:46:25','2014-11-15 08:29:27'),(100,100,'requested','1989-01-23 09:51:05','1971-03-02 20:26:16');
UNLOCK TABLES;

-- Table structure for table `likes`

DROP TABLE IF EXISTS `likes`;
CREATE TABLE `likes` (
  `id` bigint(20) unsigned NOT NULL AUTO_INCREMENT,
  `user_id` bigint(20) unsigned NOT NULL,
  `media_id` bigint(20) unsigned NOT NULL,
  `created_at` datetime DEFAULT current_timestamp(),
  PRIMARY KEY (`id`),
  KEY `user_id` (`user_id`),
  KEY `media_id` (`media_id`),
  CONSTRAINT `likes_ibfk_1` FOREIGN KEY (`user_id`) REFERENCES `users` (`id`) ON DELETE CASCADE ON UPDATE CASCADE,
  CONSTRAINT `likes_ibfk_2` FOREIGN KEY (`media_id`) REFERENCES `media` (`id`) ON DELETE CASCADE ON UPDATE CASCADE
);

-- Dumping data for table `likes`

LOCK TABLES `likes` WRITE;
INSERT INTO `likes` VALUES
	(1,1,1,'2004-11-17 00:03:20'),(2,2,2,'1976-10-07 21:18:49'),(3,3,3,'2019-08-02 11:20:09'),(4,4,4,'1983-06-03 00:43:03'),(5,5,5,'1983-03-17 20:24:35'),(6,6,6,'2017-10-10 08:13:37'),(7,7,7,'1994-06-24 08:13:48'),(8,8,8,'1979-03-07 22:39:57'),(9,9,9,'2012-02-15 22:26:02'),(10,10,10,'2004-07-21 11:44:20'),(11,11,11,'1999-01-21 00:30:13'),(12,12,12,'1998-12-14 12:38:19'),(13,13,13,'2008-03-20 04:31:30'),(14,14,14,'1983-12-19 09:59:22'),(15,15,15,'1995-12-18 17:38:30'),(16,16,16,'2013-05-07 05:57:00'),(17,17,17,'2015-07-16 00:35:01'),(18,18,18,'2017-02-17 21:49:04'),(19,19,19,'1997-04-24 07:45:44'),(20,20,20,'2002-10-01 10:10:57'),(21,21,21,'1975-09-17 20:18:32'),(22,22,22,'2018-06-11 16:43:03'),(23,23,23,'2014-03-08 23:01:32'),(24,24,24,'1975-11-25 06:44:24'),(25,25,25,'1975-12-27 05:44:41'),(26,26,26,'1990-07-06 23:29:03'),(27,27,27,'1975-08-16 14:56:23'),(28,28,28,'1976-10-23 15:38:23'),(29,29,29,'2010-10-14 07:17:59'),(30,30,30,'2016-01-07 10:45:06'),(31,31,31,'1984-09-03 16:40:23'),(32,32,32,'1972-08-14 23:57:44'),(33,33,33,'2020-01-19 13:18:35'),(34,34,34,'2004-07-04 15:19:29'),(35,35,35,'2007-12-31 10:46:08'),(36,36,36,'2015-04-06 16:07:49'),(37,37,37,'1990-08-18 04:00:36'),(38,38,38,'1991-06-05 09:15:38'),(39,39,39,'1979-05-03 21:39:28'),(40,40,40,'1972-02-18 02:31:14'),(41,41,41,'2018-04-20 17:21:40'),(42,42,42,'1995-05-03 01:08:54'),(43,43,43,'1981-10-18 02:29:07'),(44,44,44,'1987-02-09 05:37:44'),(45,45,45,'2018-07-10 07:38:36'),(46,46,46,'1979-01-14 01:05:48'),(47,47,47,'1993-05-18 15:54:53'),(48,48,48,'1999-09-02 22:49:49'),(49,49,49,'1977-08-30 02:27:08'),(50,50,50,'1993-11-06 00:15:11'),(51,51,51,'1982-07-10 22:19:50'),(52,52,52,'1971-02-21 10:15:46'),(53,53,53,'2001-11-07 13:46:35'),(54,54,54,'1987-08-20 07:16:21'),(55,55,55,'1985-12-08 08:01:24'),(56,56,56,'2018-12-24 13:11:33'),(57,57,57,'1984-05-28 13:41:49'),(58,58,58,'1996-12-27 01:35:28'),(59,59,59,'2000-12-24 04:39:20'),(60,60,60,'2002-01-31 23:00:58'),(61,61,61,'2013-10-28 05:52:15'),(62,62,62,'1976-03-07 16:24:37'),(63,63,63,'2015-06-29 15:54:01'),(64,64,64,'1977-03-14 17:16:13'),(65,65,65,'1978-08-25 22:22:10'),(66,66,66,'1995-09-07 06:55:21'),(67,67,67,'2012-08-03 05:31:19'),(68,68,68,'1973-04-30 05:13:52'),(69,69,69,'1979-08-15 23:33:01'),(70,70,70,'1988-09-11 15:31:45'),(71,71,71,'1998-01-14 02:43:35'),(72,72,72,'2012-09-24 04:09:35'),(73,73,73,'1970-03-11 00:53:00'),(74,74,74,'1992-05-12 07:38:18'),(75,75,75,'1974-12-09 10:00:32'),(76,76,76,'2009-03-21 09:29:43'),(77,77,77,'1973-09-11 13:13:12'),(78,78,78,'1976-12-19 13:51:59'),(79,79,79,'1985-01-08 22:21:03'),(80,80,80,'2001-10-12 02:00:27'),(81,81,81,'1987-01-07 04:42:19'),(82,82,82,'1991-07-11 18:51:35'),(83,83,83,'1992-11-01 10:01:42'),(84,84,84,'2006-01-17 21:41:03'),(85,85,85,'2008-12-21 05:24:46'),(86,86,86,'1976-06-03 01:24:24'),(87,87,87,'1978-12-01 21:21:19'),(88,88,88,'1979-01-16 16:20:58'),(89,89,89,'1992-03-19 15:28:31'),(90,90,90,'2007-02-18 11:00:25'),(91,91,91,'2003-06-09 15:06:41'),(92,92,92,'2011-07-01 18:49:15'),(93,93,93,'1977-01-05 09:01:36'),(94,94,94,'1999-03-17 05:35:39'),(95,95,95,'1999-05-26 17:41:09'),(96,96,96,'1992-04-01 18:57:52'),(97,97,97,'1995-01-29 03:53:46'),(98,98,98,'1981-04-07 19:45:41'),(99,99,99,'1992-04-26 06:15:26'),(100,100,100,'1989-03-18 22:36:44');
UNLOCK TABLES;

-- Table structure for table `media_comments`

DROP TABLE IF EXISTS `media_comments`;
CREATE TABLE `media_comments` (
  `id` bigint(20) unsigned NOT NULL AUTO_INCREMENT,
  `media_id` bigint(20) unsigned NOT NULL,
  `user_id` bigint(20) unsigned NOT NULL,
  `message` text COLLATE utf8mb4_unicode_ci DEFAULT NULL,
  `created_at` datetime DEFAULT current_timestamp(),
  `updated_at` datetime DEFAULT current_timestamp() ON UPDATE current_timestamp(),
  PRIMARY KEY (`id`),
  KEY `media_id` (`media_id`),
  KEY `user_id` (`user_id`),
  CONSTRAINT `media_comments_ibfk_1` FOREIGN KEY (`media_id`) REFERENCES `media` (`id`) ON DELETE CASCADE ON UPDATE CASCADE,
  CONSTRAINT `media_comments_ibfk_2` FOREIGN KEY (`user_id`) REFERENCES `users` (`id`) ON DELETE NO ACTION ON UPDATE CASCADE
);

-- Dumping data for table `media_comments`

LOCK TABLES `media_comments` WRITE;
INSERT INTO `media_comments` VALUES
	(1,1,1,'Dolores suscipit ut in quia et. Voluptatibus perspiciatis autem et ut ab enim. In corrupti vel inventore ipsam nesciunt minus voluptas. Fugiat totam est voluptatem earum.','1977-07-06 05:25:16','2019-10-04 23:39:53'),(2,2,2,'Vero corporis animi qui quis tempora aut dolores. Est tenetur incidunt ducimus blanditiis nobis. Quis hic commodi accusantium et quia voluptatem.','1977-03-29 08:50:50','1984-11-08 02:37:08'),(3,3,3,'Tempore ipsam ut sit omnis ut inventore. Dolores fugit voluptatem voluptatem ut. Enim quis culpa labore eaque a et. Necessitatibus molestiae expedita voluptate iusto in.','1991-04-21 22:01:59','2011-11-11 20:23:07'),(4,4,4,'Nam doloremque dolores et ab. Error mollitia rerum quaerat ullam provident non. Dignissimos eos deleniti ut ullam sit perspiciatis. Distinctio itaque non et exercitationem debitis rem.','1980-12-25 21:22:45','2015-07-21 13:52:31'),(5,5,5,'Magni dolor ab numquam qui praesentium. Repudiandae amet eos qui voluptate atque. Optio tenetur consequuntur accusantium. Id quas repellendus ab.','1994-05-22 04:15:49','1993-08-06 17:50:17'),(6,6,6,'Nobis et quidem enim est. Non sit eligendi sequi cum. Sit eaque expedita consequatur voluptas. Recusandae laborum officia eaque enim et vero error.','1979-04-23 08:33:08','2000-04-13 22:47:14'),(7,7,7,'Et vitae similique molestiae provident nesciunt velit aut. Deserunt est qui quis dolor. Consequatur laudantium itaque perspiciatis fugit rem quae explicabo deserunt. Et rerum quia illum alias ab.','1978-07-31 20:29:18','1996-05-09 21:04:22'),(8,8,8,'Aut voluptas odio quod velit sit similique qui. Fugiat ut aut voluptas dignissimos id maxime. Rerum molestiae illo aut dolorem. Est esse tempore qui earum officiis et qui.','1989-11-12 17:58:08','1974-04-05 01:41:32'),(9,9,9,'Optio eius animi neque eveniet. Saepe nisi aliquid atque. Blanditiis facere doloribus ea aut ipsum ipsa et fugit.','1971-09-03 22:02:24','2014-11-19 04:25:00'),(10,10,10,'Qui sunt repudiandae quibusdam. Distinctio dolores cum et molestiae blanditiis inventore. Id rerum sint ut culpa eligendi vitae nisi.','1975-09-29 13:03:45','2017-12-14 10:41:25'),(11,11,11,'Eum voluptas eos harum illo non. Accusantium saepe explicabo est omnis unde. Nobis ab soluta vel omnis saepe laudantium. Est placeat molestiae aperiam autem molestias et est.','1985-03-03 15:51:37','1980-05-21 01:24:25'),(12,12,12,'Occaecati dolorem dicta dolor quas expedita non aliquam neque. Nemo aliquam commodi unde accusamus qui harum.','1993-02-07 22:12:39','1982-06-26 08:50:00'),(13,13,13,'Voluptatem quasi dolorum doloremque. Laudantium non sit quia ut. Repellendus sit qui et maxime modi. Eum vel voluptas quis culpa.','2020-09-11 22:56:04','2006-03-05 17:36:20'),(14,14,14,'Optio non et tempore ipsam qui. Quia maxime corporis et. Commodi perspiciatis modi pariatur molestiae et laborum excepturi.','1981-11-17 21:28:59','1973-01-19 02:10:27'),(15,15,15,'Blanditiis et et rerum aut. Vitae soluta sunt enim et in et. Deserunt aut voluptatem placeat accusamus. Nulla sed ea quia exercitationem similique.','2006-06-02 10:15:03','2003-12-06 02:23:39'),(16,16,16,'Id ea sint doloremque cumque. Culpa qui ut excepturi ullam provident tenetur magnam. Recusandae magni alias accusamus non et.','1973-04-21 17:01:35','1991-06-22 07:53:13'),(17,17,17,'Molestiae recusandae ratione earum et delectus. Ipsam qui rerum non voluptatem id porro. Molestias eum nihil quisquam. Tempora illum rerum voluptatum odio natus sed. Labore debitis deserunt vitae quas a nam ratione inventore.','1985-06-11 15:58:40','2001-09-25 01:31:29'),(18,18,18,'Non iusto similique assumenda veritatis dicta nihil. Natus ipsam quas et officia sed quo omnis. Voluptatum qui omnis sunt dolores.','2008-09-03 04:10:35','2006-08-12 00:33:37'),(19,19,19,'Quibusdam numquam voluptatem dolore fugiat accusamus rerum. Ullam ipsam consequuntur totam doloremque dolor rerum ut. Facilis accusamus quasi ut ab hic nihil.','1999-12-19 12:42:24','2009-01-17 20:51:27'),(20,20,20,'Quia voluptatem at ipsam sunt consequuntur. Ab sint cum impedit consectetur et dolorem voluptatem. Facilis repellendus eius impedit alias voluptas consectetur. Expedita nisi corrupti voluptatem nesciunt.','1979-08-08 15:33:17','1980-07-31 08:03:49'),(21,21,21,'Blanditiis neque nihil numquam velit ea quibusdam labore. Omnis nulla sint laborum saepe reprehenderit repudiandae. Ut dicta est voluptas et adipisci. Praesentium aliquam nesciunt occaecati qui ut dolores et.','1986-02-20 17:12:18','2013-07-26 01:00:04'),(22,22,22,'Ullam debitis aut et dolorem labore consequuntur sit. Minima sunt nam voluptas est assumenda quae. Provident sint molestias enim quia aperiam error saepe. Dolor quis aperiam in labore et perferendis quibusdam.','2000-05-28 08:02:00','1981-05-10 21:35:38'),(23,23,23,'Et quibusdam occaecati quisquam sapiente et ut. Nisi maxime voluptatibus at id numquam. Pariatur similique officiis nihil vitae. Hic velit quia eos iste aut culpa commodi laudantium.','1989-07-08 14:53:51','2015-10-18 04:48:35'),(24,24,24,'Molestiae qui beatae error quae tempore dolor. Libero dolor expedita cum cumque corrupti. Dolores omnis molestiae vitae eaque ea aut. Libero eos voluptatum ut numquam.','2016-07-27 02:13:41','2014-10-01 20:09:21'),(25,25,25,'Quidem dolores similique sapiente aut doloribus. At deleniti optio rerum consequatur quod. Quia incidunt consequatur ex totam. Facere voluptas voluptates aut aliquam expedita voluptatibus dolore voluptatibus.','2018-09-30 20:29:07','1977-12-10 23:21:16'),(26,26,26,'Nostrum dolorem voluptatibus in quo suscipit impedit. Eos qui est consequatur harum doloribus. Et porro rerum omnis repudiandae quos eos amet.','2010-01-25 00:41:28','1980-06-11 01:59:23'),(27,27,27,'Illo dolorum porro molestiae dolores. Reprehenderit quae sint deleniti veniam. Iusto architecto vel sunt voluptas nobis.','1984-05-30 02:46:22','1972-04-25 04:11:54'),(28,28,28,'Consequuntur sit vel consequatur tempora. Quibusdam nobis sint aut. Repudiandae doloremque dolor ipsam officiis veniam est. Blanditiis non consequatur rerum quasi nesciunt.','1983-04-15 08:45:57','2000-01-19 16:11:45'),(29,29,29,'Ea provident dolores et est veritatis beatae. Eum non architecto consequatur error cumque. Consequatur non maiores commodi quasi ut optio nisi voluptatem. Optio possimus enim iure.','1984-02-18 18:58:01','1974-04-06 00:39:51'),(30,30,30,'Suscipit vel voluptate expedita deleniti quia. Molestias voluptates saepe qui autem eligendi et eius. Aut et qui laborum consequatur.','2020-09-04 01:48:54','1994-08-05 12:48:36'),(31,31,31,'Sunt et minima odit eius voluptatum distinctio fugiat odit. Qui assumenda maiores et voluptatum. Ut at veniam amet maiores omnis qui nostrum eaque.','2010-08-07 19:26:19','2006-07-03 12:52:41'),(32,32,32,'Dolores provident delectus rem rerum mollitia rerum nulla quis. Et aut quas animi quos dolores et. Quibusdam sequi hic error est laborum reprehenderit distinctio. Repudiandae qui voluptatem autem suscipit.','2000-11-29 13:09:49','1977-01-06 15:23:32'),(33,33,33,'Sit ea aut voluptas sunt ut. Debitis aut quis amet nisi illo nihil. Culpa voluptatem dicta aliquam. Eum voluptate in explicabo quia est similique consectetur.','1985-05-04 11:14:34','1974-06-16 12:18:56'),(34,34,34,'Quasi doloribus doloribus vel minima. Et eaque officia nihil. Earum commodi beatae hic aut vel minima accusantium.','2008-04-11 16:34:32','2001-10-25 06:15:25'),(35,35,35,'Provident qui ipsa quisquam sequi. Saepe quod blanditiis ullam ut est. Et illo amet hic natus maiores inventore sint.','1998-01-06 04:56:26','1999-05-23 15:56:20'),(36,36,36,'Cumque earum repudiandae et pariatur. Maxime non eos voluptas recusandae incidunt porro fugit qui. Dolorem expedita officia temporibus.','2008-08-31 20:05:22','1992-06-16 21:48:15'),(37,37,37,'Eum repellat explicabo et. Beatae delectus veniam molestiae. Dolores reiciendis est veniam illo aut. Eos aut laboriosam ea labore numquam itaque vel.','1978-04-09 18:24:56','2015-01-17 09:29:09'),(38,38,38,'Neque incidunt adipisci omnis facilis suscipit. Enim qui totam nesciunt excepturi optio. At facilis nam sint occaecati fugiat maxime.','1987-02-19 22:56:25','2002-08-30 08:53:59'),(39,39,39,'Voluptas aut fugit repellendus. Dignissimos quod maiores id. Consequatur ipsam rerum magnam aut numquam culpa.','2001-05-12 19:17:26','1981-08-30 15:57:50'),(40,40,40,'Libero exercitationem eius repudiandae necessitatibus earum molestiae eos. Modi sapiente et nihil perspiciatis commodi.','1986-11-07 08:47:51','2017-04-05 20:02:56'),(41,41,41,'Est non sunt distinctio dolor et. Saepe non maxime aut sint asperiores vel voluptatem. Fugiat illo consequatur eum est. Voluptas excepturi sunt commodi asperiores est eligendi doloribus saepe. Soluta neque doloremque commodi enim magni.','2020-09-11 16:29:28','2005-06-24 20:49:00'),(42,42,42,'Id sunt nihil magnam ipsa. Enim ipsum illo accusantium placeat est est sed. Iste aut necessitatibus totam debitis id.','2004-08-17 11:26:34','2001-06-30 15:36:19'),(43,43,43,'Nobis iusto dolorem labore voluptas voluptatem eum id. Et qui et magni blanditiis tempore nobis optio. Ut eos tempore voluptatem nihil.','2004-11-15 03:00:22','1994-08-14 00:43:02'),(44,44,44,'Illum numquam et esse rem et. Illo in aspernatur et hic vel.','2003-09-17 18:40:47','2006-05-25 21:14:22'),(45,45,45,'Corporis dolor ipsa asperiores. Occaecati occaecati ipsam voluptas quas corrupti libero. Et maiores laborum iusto corporis voluptatem qui. Aperiam ea non provident deserunt et non voluptate.','1984-06-11 15:44:15','1992-02-27 04:43:10'),(46,46,46,'Voluptate omnis voluptatibus necessitatibus voluptas voluptatem. Quis minima ex rerum reiciendis. Recusandae eius eum omnis dolor ut. Sed velit ratione consectetur quod occaecati et eum.','1991-09-12 10:18:16','1977-12-29 19:45:29'),(47,47,47,'Autem et cum accusantium amet. Et blanditiis blanditiis unde eos aut voluptas. Perferendis rerum perferendis ducimus deserunt consequatur quisquam. Tenetur nisi consequatur ea reiciendis enim. Mollitia eos earum porro laboriosam quo ipsum ut.','2009-05-31 16:50:49','1979-01-22 00:53:35'),(48,48,48,'Amet nam et excepturi voluptatibus ut odio. Debitis explicabo tempora nulla. Quo ullam expedita distinctio dolor. Velit harum repellendus libero quis voluptas.','1996-06-23 14:01:41','2007-05-25 11:48:58'),(49,49,49,'Temporibus eum aliquam odit repudiandae voluptatem quod illum. Magnam aut sit corrupti et qui. Dolorem recusandae temporibus debitis ut reiciendis et accusantium. Recusandae minima in corrupti reprehenderit et voluptas.','1994-06-07 04:35:35','1985-04-25 10:56:23'),(50,50,50,'Magnam iusto a quia officiis necessitatibus sed aut. Quam molestiae quis nobis sit quaerat. Cumque repellat rerum quo est est. Nesciunt unde autem aut ullam voluptatem.','1993-06-20 13:02:40','2001-01-22 17:10:42'),(51,51,51,'Sint sequi quia assumenda provident cumque. Quidem quae perspiciatis velit quo. Sit sequi tempora facilis corrupti ut nam.','1973-06-24 19:52:25','1970-05-03 01:16:19'),(52,52,52,'Et fugiat dolor eos consequatur velit. Et saepe totam neque quisquam facere et. Ut soluta temporibus dolores facere ut praesentium et quo. Quidem nesciunt quidem quisquam.','2005-06-24 23:05:33','1975-10-19 10:13:48'),(53,53,53,'Commodi eos sed odit. Sint sint est rerum aut. Dolore quia necessitatibus repudiandae ullam porro ut. Facere quaerat iste et aut voluptatum corporis ullam. Voluptate quisquam et ab a provident expedita doloribus.','1977-09-13 00:31:54','1975-01-30 21:15:50'),(54,54,54,'Facere laudantium saepe est. Mollitia et corrupti tenetur dolor. Ut ut aliquid autem quia.','2014-05-02 15:32:57','1984-09-24 01:09:57'),(55,55,55,'Ullam porro ab ipsa consequatur nihil illo eveniet dolorem. Reiciendis sequi ducimus modi repellendus. Cum excepturi officia ut repudiandae quia. Nulla provident minus enim eos nobis.','2017-05-11 18:40:06','2008-12-03 18:41:12'),(56,56,56,'Aut eius sint labore est fugit ut temporibus. Veritatis voluptatibus omnis minima quibusdam voluptatum magni. Ullam recusandae enim ea a vitae. Saepe et rerum explicabo quam. Debitis alias et rerum minus ea repudiandae inventore.','1990-04-17 21:29:27','2001-04-21 20:44:17'),(57,57,57,'Iure temporibus quo et odit expedita deleniti nobis. Odio est deleniti velit est hic similique quia repellat. Deleniti sed magni praesentium et dolores ipsa animi cum. Animi nulla optio distinctio atque autem neque veritatis maiores.','2012-10-19 07:32:35','1975-12-07 06:44:41'),(58,58,58,'Accusantium iusto iusto laborum voluptas hic. Qui quia nesciunt qui quidem. Iusto sint eius quas et debitis aut assumenda.','2007-09-08 00:30:02','1998-01-07 21:15:22'),(59,59,59,'Odio consectetur distinctio magnam. Vel et dolorum eius error est ipsam. Temporibus adipisci voluptas enim numquam possimus omnis provident et.','1985-10-28 07:25:17','1997-11-18 22:15:08'),(60,60,60,'Incidunt molestiae rem eligendi quasi et voluptas distinctio. Dolorem ea rerum et rem reprehenderit iure asperiores.','2001-01-12 04:49:21','2003-03-02 21:26:24'),(61,61,61,'Esse atque facere nam neque itaque modi. Quidem voluptatem facere assumenda qui voluptas neque quas odio. Aspernatur nostrum doloremque omnis perferendis ratione.','1976-05-08 14:46:07','1997-12-20 07:07:57'),(62,62,62,'Eligendi nesciunt nobis iste corrupti necessitatibus omnis odit. Repellat praesentium repellendus dolorem adipisci. Dolores ullam et sed autem dolor nostrum consequatur. In praesentium et voluptatem nemo maxime tenetur architecto.','1996-02-26 08:53:52','1984-05-17 22:59:46'),(63,63,63,'Ipsam sed dolor soluta voluptatem consectetur et enim. Et voluptas eligendi voluptas. Nihil non fugiat sit aliquid. Odio in dolore rerum cum rerum corporis nam. Ducimus at et debitis atque eum laboriosam.','1970-02-08 23:53:37','2008-11-14 08:44:31'),(64,64,64,'Dolorem et voluptate aut magnam sit vel. Nisi modi occaecati asperiores quas. Magnam iusto et et.','2016-12-07 08:47:21','2009-12-09 07:04:33'),(65,65,65,'Occaecati eligendi dolor qui consequatur qui temporibus nemo. Consequatur veritatis eaque qui hic dolor maxime fuga. Voluptate modi nihil minima. Consectetur non nihil earum ipsum aliquid vitae. Quos et nobis ut quibusdam sint deserunt.','1987-06-13 22:29:41','2013-02-05 07:36:46'),(66,66,66,'Repudiandae at aut et corporis aut. Ut omnis id qui rerum modi. Consequatur et nostrum iusto aut et suscipit rem cupiditate. Blanditiis itaque repellendus inventore et. Enim modi dicta laboriosam incidunt et placeat doloremque temporibus.','1972-01-09 06:58:32','2018-04-04 16:10:04'),(67,67,67,'Ducimus sit tempore minus omnis magni odio ut animi. Nihil est deleniti deserunt id. Quasi consequatur mollitia voluptate deserunt omnis deleniti autem. Doloremque et nobis et aliquid omnis quas.','2015-12-30 11:42:31','1986-05-06 00:47:23'),(68,68,68,'Dolorem sit veniam temporibus ab et quis suscipit. Dolorem sit repellat exercitationem voluptas mollitia sequi dolorem. Qui et minima aut unde voluptas veritatis itaque. Quo nobis qui iusto est voluptatem sit. Et sit et quidem quia esse a sit.','1981-04-04 19:39:58','2016-03-06 20:34:36'),(69,69,69,'Excepturi perferendis porro consequuntur voluptatem voluptas officia eveniet. Et aut ipsam a et nulla dignissimos. Omnis id fugit blanditiis consequatur.','1984-03-05 22:12:32','2005-06-01 11:01:06'),(70,70,70,'Odio perferendis et repudiandae quas dolor. Aut non facere nostrum non. At eaque expedita omnis ratione enim facere quia.','1994-01-18 09:09:57','2010-08-22 10:50:30'),(71,71,71,'Molestias quasi et facere fuga velit et. Id repellat quia eos odit ratione mollitia. Nulla et omnis pariatur omnis ea sit.','1993-05-02 07:59:02','1996-04-21 14:34:27'),(72,72,72,'Ipsa laborum est provident aliquam voluptatem voluptates. Aut recusandae numquam eaque recusandae. Dolore reprehenderit repellat quaerat accusamus et.','2016-03-16 02:12:36','1971-06-14 10:46:29'),(73,73,73,'Sit error quia vel temporibus quis ut. Aut voluptatem et molestiae eos vel non fuga. Fugit in odio qui tempore. Doloremque aut nulla est fuga.','1987-06-29 03:27:57','1994-06-21 16:25:33'),(74,74,74,'Tempore quia ea sit. Eum earum aspernatur placeat fugiat. Quam amet aut aut nemo non aut.','1978-12-07 04:43:27','1981-06-26 17:13:28'),(75,75,75,'Quisquam sed consequatur dolor eligendi. Enim laboriosam asperiores iste sit. Voluptatum occaecati unde vel non.','2014-09-12 00:43:44','1993-12-21 00:20:27'),(76,76,76,'Sunt architecto voluptatem sit nisi aperiam. Odio dolorem ducimus ipsam. Vero cum et sunt nesciunt possimus.','1990-07-05 16:38:44','1971-05-17 10:02:58'),(77,77,77,'Et numquam voluptatum deserunt molestias aspernatur aliquam dolore. Ut dolores et velit tenetur quia. Ipsum quia velit ut sint eum ratione. Cumque pariatur accusantium veritatis qui.','2012-04-06 11:41:16','1999-04-15 04:44:54'),(78,78,78,'Libero et distinctio eos nulla. Laboriosam rerum placeat non facilis quo. Quod facere ipsum commodi tenetur itaque.','2001-06-11 01:24:27','1994-06-16 15:11:16'),(79,79,79,'Fugit fugiat nesciunt amet voluptatem natus sit rerum. Iste repellendus autem vero voluptas. Rerum repellat rerum aperiam. Et et delectus sunt.','2003-08-25 01:37:48','2011-11-27 05:04:37'),(80,80,80,'Saepe ut provident eveniet ab et velit rem. Architecto laborum ad qui rem. Quis aut et distinctio neque enim.','1986-12-11 19:33:07','1978-08-05 04:25:05'),(81,81,81,'Est placeat in saepe molestias omnis. Aut doloremque temporibus quaerat fugit. Excepturi vero alias sit dignissimos. Dicta blanditiis molestiae reprehenderit voluptas voluptates.','1998-06-07 22:18:53','1975-11-24 07:04:11'),(82,82,82,'Dolorum maxime animi expedita veniam et. Quis ipsa qui fuga quo maxime quas qui. Modi quo incidunt autem adipisci. In quo qui velit atque repellendus minima expedita rerum. A ea ut velit doloremque soluta expedita.','2018-01-16 14:41:18','2015-12-04 10:44:00'),(83,83,83,'Est saepe officiis quo quaerat expedita ab rerum. Molestiae sunt ex minima dolorum. Doloremque aut architecto quia fuga atque autem. Iure similique dolor eaque et.','2020-06-01 16:47:35','2017-01-13 07:39:09'),(84,84,84,'Exercitationem impedit vero animi. Porro aut quasi quo aut harum facilis iure molestiae. Error eos tenetur earum saepe quo inventore.','2003-02-05 20:27:18','2004-12-31 19:58:14'),(85,85,85,'Eum reprehenderit qui labore quos facilis debitis non sed. Ab repellendus inventore reiciendis. Tempore optio molestiae quo sit aut voluptatem iure odit. Voluptas sapiente non et ea dicta iste fugit.','2006-08-17 13:04:35','1987-01-26 21:13:22'),(86,86,86,'Est ut illum sit atque cumque. Id praesentium mollitia natus quo. Voluptatem possimus sed autem aut inventore. Et architecto incidunt nihil vitae facilis impedit enim.','2015-10-11 19:50:54','2012-07-08 11:12:50'),(87,87,87,'Eos rerum illum officiis laudantium error. Sint libero facere voluptatem et sequi et sint. Ut molestiae impedit ut corrupti placeat tempore labore. Atque aut quasi sit sed tenetur rerum.','2013-11-22 18:34:52','1994-10-27 08:24:07'),(88,88,88,'Occaecati voluptates est et autem sit. Vel qui sunt laborum molestias id aut ducimus. Voluptatem recusandae et necessitatibus sint unde nemo.','1995-04-11 20:41:53','1996-11-22 21:21:37'),(89,89,89,'Quisquam excepturi veritatis impedit ut voluptatum eaque pariatur. Officia aut consequatur ut veniam voluptatem et. Quis nam earum aut consequuntur eligendi. Deserunt amet itaque in quisquam non nostrum.','2018-05-20 20:40:24','2009-04-10 02:31:42'),(90,90,90,'Sit amet reprehenderit quia tempora maiores omnis. Qui distinctio sint amet est. Aut nostrum sed magnam assumenda ab.','2002-01-05 02:47:50','2014-05-03 17:50:50'),(91,91,91,'Eveniet et error debitis quis consequatur voluptatibus. Ut veniam atque sequi vitae et exercitationem vel. Et illum maiores voluptatem sed ea et optio. Voluptatem quibusdam nam quos.','2003-05-09 19:45:46','1979-10-16 05:17:23'),(92,92,92,'Laudantium et nulla nulla minus. Corrupti esse minus enim placeat sint. Et ullam asperiores non quam unde tempore.','2011-04-01 10:00:34','1998-09-08 06:23:18'),(93,93,93,'Omnis molestiae omnis omnis in doloremque sed aperiam. Culpa reiciendis architecto sed voluptatem quasi aut. Quo fugit praesentium eos nobis ut expedita.','2017-10-29 21:54:44','2007-03-30 10:38:33'),(94,94,94,'Et in aliquam sunt ut illum modi voluptatem. Esse delectus quaerat aut maxime. Nisi eos in saepe quis vero. Nostrum ea cum illo eaque optio exercitationem consequatur.','1974-10-14 04:30:07','1992-12-30 12:02:36'),(95,95,95,'Saepe qui autem qui odit et enim ut. Ratione et accusamus rerum. Voluptate deserunt aut numquam quis et illum quia.','1977-09-30 11:15:41','2017-12-24 17:32:28'),(96,96,96,'Est doloribus excepturi ut itaque. Consequatur nemo magni iure a accusantium sint ad. Sit et modi facere aut. Modi iure voluptatum ut voluptates dolor.','2017-01-02 13:47:16','1998-07-04 10:40:05'),(97,97,97,'Voluptatem voluptas aut quis consequuntur quis ut. Dignissimos vitae tenetur nihil qui sequi praesentium ut. Enim quaerat officiis mollitia sint.','2010-12-19 08:50:37','2000-06-28 08:31:35'),(98,98,98,'Cum ullam enim distinctio sint. Consequatur est veniam ut et deleniti sit aut. A rerum quo ab provident.','1992-01-06 23:24:19','1989-02-18 02:44:49'),(99,99,99,'Nisi iusto repellat voluptatibus ipsum ut. Asperiores illo dicta voluptas quae eaque beatae. Et quasi quos natus incidunt quia. Dolor molestias ut quia.','2002-01-22 02:50:38','2011-11-27 16:29:12'),(100,100,100,'Minima dolorum porro molestiae sit deserunt qui sapiente. Beatae fugit quas doloribus deserunt corrupti illum. Qui ullam quam provident ullam quos. Quis dolorem quasi quaerat culpa quasi minima rerum aut. Voluptatem qui sit est rerum.','1980-06-08 16:26:21','1987-10-26 06:12:21');
UNLOCK TABLES;

-- Table structure for table `messages`

DROP TABLE IF EXISTS `messages`;
CREATE TABLE `messages` (
  `id` bigint(20) unsigned NOT NULL AUTO_INCREMENT,
  `from_user_id` bigint(20) unsigned NOT NULL,
  `to_user_id` bigint(20) unsigned NOT NULL,
  `body` text COLLATE utf8mb4_unicode_ci DEFAULT NULL,
  `created_at` datetime DEFAULT current_timestamp(),
  PRIMARY KEY (`id`),
  KEY `from_user_id` (`from_user_id`),
  KEY `to_user_id` (`to_user_id`),
  CONSTRAINT `messages_ibfk_1` FOREIGN KEY (`from_user_id`) REFERENCES `users` (`id`) ON DELETE CASCADE ON UPDATE CASCADE,
  CONSTRAINT `messages_ibfk_2` FOREIGN KEY (`to_user_id`) REFERENCES `users` (`id`) ON DELETE CASCADE ON UPDATE CASCADE
);

-- Dumping data for table `messages`

LOCK TABLES `messages` WRITE;
INSERT INTO `messages` VALUES
	(1,1,1,'Ut vel est autem harum rem deleniti sit. Non provident eum recusandae iste magni ut quibusdam voluptas. Laborum deleniti architecto sequi.','1990-09-13 01:29:18'),(2,2,2,'Et non delectus labore magnam minus. Nisi placeat est nisi praesentium incidunt repudiandae minus. Iste qui quisquam consequatur sit harum. Qui aspernatur voluptas quos.','1987-03-21 15:56:38'),(3,3,3,'Veritatis sunt natus beatae velit eius voluptatem. Explicabo numquam pariatur odit quis et est et error. Dignissimos est assumenda in qui vel.','1981-09-21 20:20:29'),(4,4,4,'Laudantium quos qui deleniti molestiae repellendus et qui exercitationem. Rerum quo est earum quasi ab. Molestiae unde occaecati porro tempora saepe.','1987-12-29 04:39:40'),(5,5,5,'Amet dolor accusamus unde debitis doloribus voluptatibus vel qui. Et alias veritatis impedit perspiciatis quisquam quos dolore. Quia eos veniam quidem ab officiis non id. Corporis blanditiis quia expedita repellat.','1985-11-03 16:43:50'),(6,6,6,'Accusamus dolor vero numquam nesciunt nulla soluta. Quasi aut quis ut sapiente similique ut. Eum quos dolores fugit. Rem est veniam eos est placeat at.','1976-10-22 06:37:02'),(7,7,7,'Ullam deleniti repudiandae sint aspernatur adipisci et pariatur quis. Earum et iure amet dolore.','1994-06-27 07:45:06'),(8,8,8,'Error rerum earum porro debitis quam dolor est. Culpa rerum itaque sint quam. Officiis et reprehenderit soluta.','1999-11-30 01:18:03'),(9,9,9,'Odio quasi sed animi sed nobis mollitia itaque. Dolor eos eligendi velit sed debitis aut laborum id. In enim eveniet est quae tempore illum eius. Sit provident consequatur saepe repudiandae at qui rem.','2008-08-09 11:40:27'),(10,10,10,'Qui eum et ea consequatur necessitatibus. Tempore veniam sequi velit natus est tempora omnis recusandae. Magni et qui doloribus quis.','1990-07-12 22:30:45'),(11,11,11,'Consequatur nesciunt nisi eos quo. Provident quasi voluptatem nemo laborum voluptatem labore consequatur.','1985-12-27 20:28:21'),(12,12,12,'Ad dolores id consectetur in ea. Sit asperiores ea pariatur repellat. Consectetur qui similique ut vel qui.','2022-04-27 16:51:56'),(13,13,13,'Ut non consequuntur sunt odio vero. Ipsam ullam et reprehenderit vel impedit et. Quia libero sunt possimus autem perspiciatis voluptatem beatae.','1976-06-04 19:54:04'),(14,14,14,'Sunt et dolor quia assumenda velit. Asperiores repellat ullam omnis nihil laborum. Odio esse amet ut ut numquam veritatis rerum.','2002-02-17 10:06:22'),(15,15,15,'Consequuntur iusto et id excepturi accusantium beatae. Consequatur ea esse qui distinctio placeat. Ab sed doloribus quo qui similique ipsam vero eveniet. Voluptates excepturi rerum autem voluptatibus nostrum dolore.','1999-10-12 16:38:31'),(16,16,16,'Qui saepe debitis voluptas harum. Aliquid beatae impedit earum quo est. Qui rerum et totam suscipit odit. Esse eaque et sunt minus rem quis.','1991-07-21 01:51:53'),(17,17,17,'Provident aspernatur vero cumque voluptates aut. Dolore qui ipsa optio aut fugiat autem natus. Aut magnam quidem dicta ipsa ut laborum saepe numquam.','1991-01-20 09:48:13'),(18,18,18,'Voluptas quos ut vero voluptas voluptatem et sed. Non sed laborum enim tempore quo. Possimus quis dignissimos debitis placeat id ut. Maiores aspernatur eveniet quas et.','1982-05-21 02:03:52'),(19,19,19,'Sed minus numquam quibusdam nihil doloremque non. Repellat quo beatae officia aspernatur reprehenderit a facilis. Facere accusamus et dolorem assumenda.','1980-10-24 11:26:36'),(20,20,20,'Quos veniam in est officia ut aut iste temporibus. Consequatur in doloribus velit illum quae et cupiditate. Et sed illo nemo id. Commodi impedit voluptatem vel nisi quia possimus dolorem.','1976-04-20 19:05:54'),(21,21,21,'Labore repudiandae culpa nesciunt aspernatur. Alias nihil incidunt doloribus aut ut laudantium dicta. Cupiditate tenetur illo dolorem consequatur officiis illum.','2001-04-03 10:53:02'),(22,22,22,'Odit eos quod aut. Non molestias autem autem ea maiores exercitationem minus. Sed dignissimos consectetur nesciunt odit cumque.','2030-03-28 14:48:34'),(23,23,23,'Iusto impedit et asperiores dolorem incidunt. Voluptas quia est deleniti ab illum vel. Voluptas at voluptas assumenda iusto natus voluptatem repellat. Aut quo voluptatem eos eaque.','2011-06-09 07:43:14'),(24,24,24,'Architecto voluptatum sed ea tempore culpa. Quam eaque nulla est ipsam. Nisi nobis et odit et placeat molestiae. Sed eum rerum aperiam excepturi quisquam aut quas.','2015-12-18 08:57:15'),(25,25,25,'Et sed dolore vitae repellat voluptatem voluptatem. Omnis aliquam sunt quia et in. Eum expedita recusandae sapiente illo. Necessitatibus porro aliquam porro nostrum cupiditate. Laboriosam nobis dignissimos pariatur ipsum facilis ad.','1998-12-07 17:37:51'),(26,26,26,'Occaecati qui recusandae velit et. Tempore dolor ut nulla sunt tenetur. Inventore vero aspernatur nam officia tenetur iure qui eum.','2014-02-03 02:21:48'),(27,27,27,'Hic repudiandae est ratione cumque id. Voluptatibus perferendis ea id accusamus non sit. Id deserunt odio harum aliquam ullam earum accusantium quidem. Quo excepturi eius velit velit non qui.','2016-09-15 17:16:59'),(28,28,28,'Non nisi est quas dolores ratione quas dolorum. Explicabo totam sunt rerum culpa voluptatem architecto cupiditate maxime.','1977-08-16 11:57:20'),(29,29,29,'Aspernatur odio aspernatur dolor temporibus qui. Tenetur temporibus ipsum iure odit accusantium. Qui ratione qui quasi nisi nemo. Eum maiores non pariatur cupiditate repudiandae voluptatem nobis.','2004-06-27 01:07:09'),(30,30,30,'At alias qui ipsa natus aut at voluptas. Ad perspiciatis odio vel laborum laborum in sint. Corrupti impedit at voluptatem id natus qui aliquid.','1975-01-05 14:33:07'),(31,31,31,'Praesentium temporibus voluptatibus ut animi qui natus corrupti ut. Minima qui est quis laudantium dignissimos sequi.','2020-02-12 23:33:18'),(32,32,32,'Quis sunt nam quidem modi sit ducimus sit. Et enim quisquam asperiores exercitationem quasi. Fugiat eum maxime aut voluptatem eaque voluptatem maiores. Vel deleniti dolor quod.','1987-02-09 22:26:02'),(33,33,33,'Eveniet officia ab ut est delectus iste minus. Quidem itaque iure voluptas et distinctio aliquid. Necessitatibus velit asperiores accusantium. Quisquam dolorem natus qui.','1987-08-03 11:06:27'),(34,34,34,'Error ut quia iste. Labore fugit ea dolorem ut officiis. Quia esse dolorem consectetur vero a blanditiis.','2000-04-16 16:03:18'),(35,35,35,'Architecto vero ipsa itaque sed dolorum quae. Dicta et eligendi dicta assumenda dolorum unde esse. Rerum sed dicta voluptas similique consequatur.','2023-11-05 21:26:38'),(36,36,36,'Perferendis omnis vero aperiam. Ullam aut sed repellat sequi doloremque rerum aut eaque. Repellat officia et qui.','1981-09-12 13:39:05'),(37,37,37,'Ullam fugit officiis error minima in sint rerum. Temporibus est exercitationem ea expedita consequatur aut. Sint dolores distinctio magni aut id eius. Molestiae dolorum reiciendis fuga non vitae quia qui autem.','1972-05-23 03:34:21'),(38,38,38,'Consequatur tempora recusandae harum rerum repudiandae eligendi laudantium. Magni praesentium tempora repellat.','1972-06-30 05:19:57'),(39,39,39,'Ducimus eligendi illo quasi unde. Totam quod ipsum cumque ut. Sed est eligendi consequuntur minima quas explicabo est.','2006-07-19 04:07:42'),(40,40,40,'Asperiores et id eius libero laudantium nemo a. Voluptates rerum suscipit enim et quasi soluta. Excepturi repellendus quos consequatur quo aut enim tempora consequatur.','1998-05-30 09:25:38'),(41,41,41,'Fugiat corrupti voluptatem sapiente voluptatem ipsam. Saepe ipsa vitae dolore rerum esse cum sit. Qui quo nulla aliquam repellat. Dicta ut ipsam laudantium eaque id.','2001-06-12 12:54:48'),(42,42,42,'In necessitatibus architecto voluptas minima ea sed est. Nulla labore animi earum animi ab cum. Iusto deleniti perspiciatis quidem earum distinctio voluptates nesciunt. Voluptatum quidem nemo vel sapiente eius porro unde earum.','2001-12-20 09:14:01'),(43,43,43,'Repellat quia possimus cum esse adipisci quos non esse. Porro dolor est ipsum exercitationem qui aut praesentium quas. Nemo exercitationem commodi ex non placeat quibusdam voluptatum. Aut consequatur ut consequatur voluptatem. Sed quia sunt culpa aliquam eum repellendus.','1999-01-29 04:53:30'),(44,44,44,'Est blanditiis voluptas porro est occaecati unde. Alias nam ducimus esse enim enim eius. Minus tempora aliquid delectus. Qui recusandae vel animi sit voluptatem quis.','1994-10-17 02:39:04'),(45,45,45,'Culpa nulla voluptas accusantium unde. Culpa impedit et a ut veniam rem quasi placeat. Id sed ea nam ratione.','2011-08-22 20:42:39'),(46,46,46,'Nobis soluta ut nostrum ea. Asperiores et optio error aut. Nesciunt magnam sit harum quod.','2016-01-10 20:10:00'),(47,47,47,'Quo perferendis facere quos consequatur. At ullam consequatur ut pariatur sapiente eos voluptatibus. Et velit ut assumenda pariatur velit explicabo nesciunt.','1987-09-18 02:51:03'),(48,48,48,'Est et molestias sit quam et ea nam. Temporibus maxime minima voluptas vel. Non voluptas nulla est autem sit voluptatum consequatur adipisci.','2005-03-17 23:12:16'),(49,49,49,'Et eius voluptas repellendus tempore fugit asperiores. Esse dolor quia odit reprehenderit cum porro dolorem. Voluptates eum asperiores itaque consequatur.','2016-01-17 00:57:31'),(50,50,50,'Autem et cum blanditiis dolor optio. Asperiores consequatur neque atque asperiores temporibus quisquam. Iure suscipit earum similique ratione. Possimus voluptates odit at fugit ad explicabo.','1996-12-08 15:09:35'),(51,51,51,'Officiis quia aut excepturi quasi. Rerum quia illo mollitia perferendis velit necessitatibus. Modi eligendi quo modi aut asperiores. Numquam odio iusto doloribus deserunt omnis aliquid alias.','1993-04-14 14:36:19'),(52,52,52,'Eligendi dolores sit modi vel possimus. Qui quam sed dignissimos incidunt quaerat.','1982-06-07 19:56:58'),(53,53,53,'Autem quam occaecati amet eaque corrupti ut qui consequuntur. Corrupti aut vitae iusto. Enim voluptatibus ut voluptas odit amet. Quaerat qui ut atque esse culpa aut provident.','1990-03-15 04:07:49'),(54,54,54,'Corporis et qui nihil porro. Consequuntur consectetur totam nobis aliquam quia consequuntur. Nulla eum hic eius corporis ut. Aliquam odit voluptas eum iusto minima aut et.','2015-11-06 01:35:43'),(55,55,55,'Totam velit qui vel voluptas dolor quidem eius. Aut quae aut quod. Ut voluptatem rerum voluptatem sit fugit quasi veritatis.','2019-10-22 18:38:06'),(56,56,56,'Qui qui qui vel explicabo iure aut aliquam. Recusandae laborum quam magni sint. Voluptatem et temporibus sint similique qui ipsam. Rerum aut quam repudiandae ut nisi sunt repudiandae soluta.','2010-10-29 06:25:32'),(57,57,57,'Laudantium consequuntur fugiat et. Voluptas ad ea et amet. Dolores et repudiandae et unde est.','2016-12-07 09:05:49'),(58,58,58,'Quia minus officiis aperiam ipsum quaerat dolor consectetur. Voluptas et quod sequi dolorem. Vel voluptatibus est sint. Quia consequatur saepe ipsum deleniti quos amet et. Voluptas sit dolores harum ullam dolorum.','2017-05-04 21:18:59'),(59,59,59,'Qui hic blanditiis libero quo rerum. Enim expedita inventore harum qui omnis mollitia officia. Et deserunt totam numquam odio et optio.','1987-02-08 14:24:20'),(60,60,60,'Voluptates iusto adipisci itaque reiciendis. Hic dolore dignissimos ab rerum voluptatem nihil. Necessitatibus architecto rerum ut possimus maxime. Voluptatem nesciunt reprehenderit debitis tempora.','2006-05-03 11:15:51'),(61,61,61,'Et quia sed quaerat quas ut. Reiciendis autem repellendus aut magni voluptatem. Exercitationem fugiat aut fugit eum minima. Et ut fugit ut magni ea qui rerum. Quidem odio nulla asperiores inventore at.','2017-10-09 23:22:53'),(62,62,62,'Voluptas modi quam excepturi placeat animi ut. Quia autem in eum doloremque voluptas quis voluptate. Quasi dolor dolorem esse consequatur earum. Quasi eum inventore incidunt voluptatem veritatis quod.','1996-05-14 10:42:18'),(63,63,63,'Omnis quis est quia sint omnis necessitatibus nemo delectus. Voluptates consequatur non quam quia assumenda officiis aperiam nostrum. Qui ipsam dolor nostrum asperiores.','1988-07-01 02:37:11'),(64,64,64,'Explicabo amet sed dolor autem deserunt est sed. Ut dolor alias provident eveniet natus quae. Voluptatum possimus reiciendis mollitia accusantium cum.','1973-07-10 06:59:22'),(65,65,65,'Enim dolores aperiam molestiae velit. Et et recusandae quis fugiat unde nihil ad. Illum expedita labore eaque sequi nemo illo. Eligendi sunt ullam quos aliquid voluptatum molestias. Quod laboriosam quaerat eveniet odit sed enim hic.','1973-03-09 01:45:17'),(66,66,66,'Hic facere debitis quia dolorum labore. Quis et qui et aliquam quis illum earum. Aut rerum aut modi minima natus perferendis doloribus.','2016-06-06 05:14:45'),(67,67,67,'Unde ducimus non blanditiis commodi voluptates quaerat. Minus facere sequi perspiciatis vero. Explicabo eum incidunt omnis molestiae.','2002-11-18 13:28:08'),(68,68,68,'Quia consequatur eum officia aut error qui. Numquam veniam nemo dolores non dicta. Est molestiae eaque est eveniet ea.','1971-10-05 08:36:33'),(69,69,69,'Quos molestias fuga sed aut tenetur dolorem sunt quis. Et eaque nulla dolorem totam. Totam qui necessitatibus et adipisci. Voluptatem assumenda laboriosam quibusdam est sequi.','2003-07-10 06:54:15'),(70,70,70,'Optio minima sunt eveniet repellat ullam optio ipsa. Voluptatem quia maiores voluptatibus rem recusandae sapiente quis. Reprehenderit reiciendis dolorum magnam perferendis.','2014-09-28 13:06:31'),(71,71,71,'Molestiae praesentium eligendi aut voluptas nobis ut. Qui eos veritatis sint ipsum. Eius magnam sapiente ea velit quia ab officiis quas. Voluptas adipisci dolores perferendis cum non molestiae.','1986-12-30 07:20:09'),(72,72,72,'Amet autem eos fugiat cupiditate natus. Omnis tenetur et occaecati deserunt corrupti delectus ipsam. Velit non explicabo rerum. Dolores nam ut omnis suscipit et suscipit repellat dolore.','2014-03-24 00:32:55'),(73,73,73,'Officiis quas dolores unde quaerat odio et autem quis. Sint ipsam et nam optio. Rerum qui laudantium cupiditate neque. Unde non ullam veniam possimus ea facere est odio.','2007-02-09 14:41:31'),(74,74,74,'Aspernatur dolor dolores et autem labore ipsam. Et dolores aut repudiandae et enim enim molestiae dicta. Quis sit cupiditate repellendus suscipit. Nisi molestias cum veniam aut quibusdam.','1988-11-09 13:08:40'),(75,75,75,'Aliquam dolores odio voluptate labore. Est reiciendis optio quidem voluptates corrupti eos aut. Odit sunt ut assumenda minima est et. Sunt rerum quas blanditiis iusto minima qui nulla corrupti.','1995-03-14 12:38:44'),(76,76,76,'Praesentium non dolores ut adipisci eveniet. Voluptas quas quam blanditiis minima repudiandae repudiandae accusantium. Minima in rerum et aspernatur dolores consequuntur.','2011-12-15 12:45:19'),(77,77,77,'Veritatis voluptas ad sint dolorem. Assumenda et eos voluptatibus rem repellendus. Quia tempore id unde commodi occaecati. Nulla ullam placeat qui sunt sint nihil consequatur.','1997-12-06 09:31:14'),(78,78,78,'Quo quisquam magnam tenetur harum culpa assumenda voluptates. Asperiores rerum autem aut sed voluptatum. Qui consequatur quos possimus saepe sint. Voluptas vero reprehenderit molestiae quia expedita autem error.','1992-07-19 00:04:08'),(79,79,79,'Sed fugit porro necessitatibus corrupti a accusantium. Voluptatem ad voluptas est. Natus in voluptatem nostrum sed. Et maxime hic quia repudiandae laboriosam. Est distinctio expedita fuga dolores nihil.','1975-07-28 00:04:51'),(80,80,80,'Nemo et qui a voluptates illum. Voluptatibus sunt voluptatem voluptatem cumque sunt ipsum hic. Error non consequatur voluptas perspiciatis dolorem sit.','2013-05-02 06:00:40'),(81,81,81,'Quis ut consequatur quod ducimus sed repellendus. Magni aut recusandae sed perferendis consequatur voluptas qui sed. Qui praesentium rerum ea. Aperiam ut unde consequuntur nisi distinctio eos velit totam.','1980-02-12 15:36:25'),(82,82,82,'Vel occaecati esse ad et architecto eius. Ut nulla neque accusantium voluptas. Cumque esse ab est sequi distinctio officia voluptas. Provident et dolores nulla repudiandae. Corrupti ullam quia voluptatibus.','1999-09-10 05:03:14'),(83,83,83,'Ipsum aut harum at aut impedit pariatur nihil. Inventore et quibusdam voluptas saepe deserunt exercitationem cum.','2006-09-08 19:25:35'),(84,84,84,'Unde quasi cumque quo suscipit officia nihil. Sed cupiditate labore eos. Nobis sint asperiores adipisci qui unde esse.','1997-02-18 12:09:50'),(85,85,85,'Ratione distinctio cum possimus saepe facilis. Debitis tempora est rerum aut neque. Eligendi ad quo voluptatem dolor voluptatibus.','1998-09-14 06:14:23'),(86,86,86,'Porro tempore nihil nulla. Et magni recusandae quis enim. Nam enim quam quidem vitae natus impedit.','2020-06-06 10:20:21'),(87,87,87,'Eos dolorem fugiat sit consequatur mollitia vitae ducimus. Sapiente praesentium nesciunt quam. Perferendis ipsam expedita et temporibus accusantium eius.','2020-10-18 19:24:45'),(88,88,88,'Ab quia illum inventore autem maxime molestiae rerum culpa. Et aperiam aut dolor facilis. Sunt reprehenderit hic dolore ea.','1981-07-21 22:25:12'),(89,89,89,'Est fugiat dignissimos pariatur vel dolores possimus doloremque. Qui odit sequi nemo dolorum. Ea dolorem suscipit et ut. Odio harum quas aut fugiat numquam aliquam.','1970-01-24 03:31:43'),(90,90,90,'Enim dignissimos modi est quos. In molestiae numquam neque beatae eum impedit recusandae. Provident doloremque repellendus quae et vel. Incidunt earum ea dolore corporis ea soluta itaque.','1975-04-26 13:09:20'),(91,91,91,'Enim dolorem neque aliquid inventore. Ut recusandae sunt quo dolor natus est. Nulla voluptas ipsum debitis velit. Provident ullam possimus fugiat harum adipisci modi.','1990-06-10 15:42:28'),(92,92,92,'Labore aut illo porro inventore. Neque ad rerum est iste ipsum voluptas officia. Voluptate est placeat ut voluptatem molestias.','2003-01-26 17:57:20'),(93,93,93,'At ut et consequatur. Et reiciendis molestias nesciunt doloribus consequatur recusandae.','2017-11-03 00:26:47'),(94,94,94,'Quisquam veniam consequatur cumque maiores voluptas asperiores sit. Rem sit ut aut libero id aut. Ut veniam quibusdam velit quis occaecati. Consequatur tempore voluptatibus illum libero ducimus.','2013-09-04 01:43:56'),(95,95,95,'Provident sit voluptas debitis autem reprehenderit ut quas quibusdam. Ut iste asperiores nihil fuga. Repellendus minus ipsam numquam porro corporis odio excepturi aperiam.','2017-10-01 10:10:08'),(96,96,96,'Quia molestias porro et et neque. Tempore impedit et soluta voluptates consectetur repudiandae. Sit molestias est sunt.','1976-01-04 01:37:01'),(97,97,97,'Occaecati dolores esse qui rem asperiores. Aut a aliquam laudantium consectetur provident asperiores quo. Corrupti ducimus aspernatur ut soluta neque.','1977-01-05 01:51:31'),(98,98,98,'In et ab voluptates. Eius accusamus quos nisi inventore enim. Hic dolor esse itaque assumenda enim perspiciatis voluptas.','1970-11-06 22:32:57'),(99,99,99,'Laboriosam aut dolorum amet vitae voluptatem harum enim totam. Est facere adipisci quam. Est aliquam et eos omnis molestiae.','1980-04-22 04:13:40'),(100,100,100,'Id delectus ullam incidunt ipsum ut hic. Qui temporibus eos dolorem neque enim sed deleniti.','1986-03-01 03:08:09');
UNLOCK TABLES;

-- Table structure for table `posts`

DROP TABLE IF EXISTS `posts`;
CREATE TABLE `posts` (
  `id` bigint(20) unsigned NOT NULL AUTO_INCREMENT,
  `user_id` bigint(20) unsigned NOT NULL,
  `blog_id` bigint(20) unsigned NOT NULL,
  `media_id` bigint(20) unsigned DEFAULT NULL,
  `post_header` text COLLATE utf8mb4_unicode_ci DEFAULT NULL,
  `post_text` text COLLATE utf8mb4_unicode_ci DEFAULT NULL,
  `created_at` datetime DEFAULT current_timestamp(),
  `updated_at` datetime DEFAULT current_timestamp() ON UPDATE current_timestamp(),
  PRIMARY KEY (`id`),
  KEY `user_id` (`user_id`),
  KEY `blog_id` (`blog_id`),
  KEY `media_id` (`media_id`),
  CONSTRAINT `posts_ibfk_1` FOREIGN KEY (`user_id`) REFERENCES `users` (`id`) ON DELETE CASCADE ON UPDATE CASCADE,
  CONSTRAINT `posts_ibfk_2` FOREIGN KEY (`blog_id`) REFERENCES `blogs` (`id`) ON DELETE CASCADE ON UPDATE CASCADE,
  CONSTRAINT `posts_ibfk_3` FOREIGN KEY (`media_id`) REFERENCES `media` (`id`) ON DELETE CASCADE ON UPDATE CASCADE
);

-- Dumping data for table `posts`

LOCK TABLES `posts` WRITE;
INSERT INTO `posts` VALUES
	(1,1,1,1,'Ut cumque recusandae dolorem et.','Sunt maxime ex animi sequi adipisci. Rerum et iure distinctio non asperiores. Non quia sed dolores est repellendus. Ipsa officia dolore porro.','2003-01-26 22:28:15','1996-01-01 17:10:07'),(2,2,2,2,'Alias nostrum dolorem autem illum ut sed.','Ab dolores ut sit perspiciatis aut alias nulla eum. Adipisci quia dolores et autem vitae. Aspernatur earum alias quo vitae eum autem molestiae sed.','2011-10-03 11:56:38','1978-12-06 04:35:40'),(3,3,3,3,'Aliquam illo recusandae beatae fugiat libero similique nihil aut.','Autem error similique et sapiente qui quas est. Laborum et sit culpa a voluptatibus cumque tenetur. Illo ut ut ut eum inventore provident ut.','2020-10-20 03:57:28','1987-03-03 11:52:15'),(4,4,4,4,'Voluptatum fugiat aut eum cupiditate vel dolores qui.','Reiciendis non expedita qui dignissimos voluptates. Optio quod qui quia est voluptatem rerum. Sit omnis ducimus minus illo omnis asperiores repudiandae dolores. Architecto necessitatibus voluptas qui necessitatibus.','1979-12-24 10:13:22','1987-07-24 23:19:47'),(5,5,5,5,'Ea suscipit veniam nisi excepturi.','Sint dolores quia tempora sunt quos aut. Consequatur ut quia quisquam hic modi architecto natus.','1973-12-17 16:23:05','1989-05-14 04:48:59'),(6,6,6,6,'Sapiente ipsa natus placeat ducimus.','Sit qui libero pariatur beatae eum sequi rem. Sed nulla officiis vero voluptas repellat ducimus. Dignissimos non ex exercitationem eligendi laborum harum velit aut.','2008-11-10 18:14:30','2014-07-02 22:37:25'),(7,7,7,7,'Doloribus facere vel nihil est nam et ipsam.','Quia tempore eligendi magnam. Asperiores adipisci dolor est non cum voluptatem. Nobis alias qui consequatur nihil voluptas est. Placeat eos nulla qui laboriosam adipisci cupiditate repellat.','2016-10-21 21:35:32','1988-05-21 07:30:43'),(8,8,8,8,'Ab similique est optio id rerum neque dolorem consequatur.','Dolor voluptas quaerat pariatur quidem. Quis illum at quia autem dicta quis est. Officiis et sint magni et. Iure omnis reprehenderit sed distinctio.','1998-06-23 05:48:22','2010-05-15 02:41:04'),(9,9,9,9,'Voluptatum aut fugiat eaque tempore quis libero.','Possimus eos exercitationem quis quo. Vel explicabo nesciunt quidem. Possimus minus amet nihil saepe odio illo velit. Recusandae quam corrupti quia unde harum perspiciatis. Aliquam est voluptatum maiores quibusdam.','1989-01-13 04:35:20','1973-09-08 23:19:29'),(10,10,10,10,'Repudiandae quo quo occaecati assumenda cupiditate omnis.','Libero quo accusamus iusto velit amet aut. Nulla quis placeat rerum. Molestiae et voluptatem occaecati atque et voluptatem. In excepturi sit sint id ut voluptas expedita perferendis.','2009-12-23 10:51:16','2004-08-01 12:39:10'),(11,11,11,11,'Hic quo temporibus quisquam quaerat iste sed.','Modi consequatur libero deserunt odit rerum asperiores. Rem exercitationem officia mollitia ducimus hic. Facere voluptatum dolores ipsum qui deserunt eius deserunt. Similique iste ut velit quia.','1981-06-24 09:16:17','2013-05-27 04:46:05'),(12,12,12,12,'Dignissimos provident fugiat vero excepturi.','Aspernatur odit voluptas impedit. Qui quam qui odit cupiditate autem reprehenderit officiis. Reprehenderit quo voluptatem sit enim mollitia natus. Veniam vel voluptatem nihil non.','2004-03-06 02:18:10','2006-03-07 05:33:58'),(13,13,13,13,'Ea molestiae delectus et accusantium nulla.','Voluptatem assumenda velit eaque explicabo non. Cumque dolores distinctio ex quos qui. Porro sunt magnam quia sapiente tempora ut. Repellendus inventore quod doloremque dolore in ratione natus.','1998-07-23 23:28:43','2014-07-30 06:50:25'),(14,14,14,14,'Mollitia vel eveniet similique omnis consequatur quia.','Officiis et eligendi possimus. Consectetur commodi harum fugit a. Sed voluptatem voluptas quo molestiae iusto nulla saepe ea. Dolores et atque ratione porro enim delectus nisi. Impedit inventore sunt recusandae repellendus soluta.','1974-12-30 19:44:15','1978-05-14 08:40:46'),(15,15,15,15,'Quia autem in dolorum quo dolor.','Perspiciatis saepe est sed ut provident. Quam nobis saepe quo quos recusandae sit. Et facilis quis sint adipisci cupiditate omnis.','1982-11-25 19:56:53','1983-02-22 10:03:57'),(16,16,16,16,'Id reprehenderit animi optio.','Eum ipsa eligendi et eum. Non sit magnam alias porro quo enim.','1972-02-28 02:44:57','2016-09-24 18:36:25'),(17,17,17,17,'Facere ut quo nisi.','Accusantium facere maiores eius voluptas tempora est. Voluptas est id corporis odit magni. Repellat quam facilis dolorem possimus qui et facere id. Occaecati quisquam sunt sunt. Possimus harum rerum omnis explicabo dolorem.','1990-03-24 20:09:00','1983-09-06 12:10:44'),(18,18,18,18,'Doloremque ut recusandae quia praesentium velit illum minus.','Praesentium aut rerum vel quam optio. Dolore enim quae perferendis provident. In ad temporibus a voluptas.','1990-10-14 21:54:36','2010-09-24 07:50:16'),(19,19,19,19,'Quia fugiat fugiat ut eum.','Est nam aut unde ea dolorum consequatur dicta. Sit nobis deleniti et ut. Necessitatibus sequi doloribus ex dolore alias non. Quaerat inventore corporis vel deserunt.','2001-09-11 10:51:34','1980-05-13 16:41:04'),(20,20,20,20,'Quidem sequi in id aut voluptatem aspernatur.','Sed sit quidem quasi expedita recusandae. Aut perferendis sunt porro autem quis dolores. Labore sunt accusantium ex aut.','1997-03-15 11:13:46','1996-05-19 19:38:13'),(21,21,21,21,'Harum aliquam ea magni provident sunt sint velit.','Cum possimus minima dicta omnis. Voluptas ipsa modi nemo alias cumque dolores ea. Sed occaecati itaque doloremque sed facere non et. Eum iste consequatur exercitationem qui tempore.','1982-09-10 12:30:35','2009-08-28 18:32:33'),(22,22,22,22,'Sint et atque veritatis nihil est sint non.','Molestiae neque pariatur quidem ea officiis est. Et ex a sed. Libero voluptatibus non architecto dolorem vel eos numquam.','1994-03-06 05:48:49','2008-05-29 19:14:16'),(23,23,23,23,'Ipsam eos quia eaque ducimus ipsum sunt id quo.','Asperiores ut dolore asperiores fugit occaecati odio rerum pariatur. Eos voluptatibus harum rerum eos facere. Ad eius dolorem repellendus veritatis repudiandae. In asperiores ut explicabo nihil aliquam.','1996-07-07 08:11:13','1993-12-21 04:01:47'),(24,24,24,24,'Eum consequuntur qui in asperiores sunt aliquid ut.','Voluptas est maiores asperiores tenetur laboriosam. Ut quia fugit minus officiis est. Minus aut ipsa aperiam ab ut. Praesentium quisquam velit fuga aut culpa quae ad.','1993-07-16 06:55:27','1989-02-03 17:40:00'),(25,25,25,25,'Quia et et ut impedit corporis qui.','Provident adipisci et et exercitationem minima. Beatae praesentium dolorem eius iste. Fuga aliquam et quia quia. Deserunt ad eius eveniet tempora fuga molestiae.','2002-09-02 01:12:22','1985-08-04 20:56:21'),(26,26,26,26,'Et numquam iure libero voluptas sed veritatis.','Et qui voluptatibus expedita omnis quo aut. Minus vel facere corporis quo reprehenderit et. Fugit omnis dolore itaque commodi doloribus assumenda.','1974-07-16 21:40:25','1991-12-13 22:09:10'),(27,27,27,27,'Ratione nihil debitis corrupti est animi dicta dicta.','Ipsam accusamus molestiae eligendi. Expedita dolorem ut et veniam. Amet doloremque dignissimos quisquam amet reprehenderit eos. Quibusdam quis praesentium qui occaecati nobis nisi.','1991-05-18 13:23:11','1989-12-03 17:38:14'),(28,28,28,28,'Voluptatem iusto eaque est.','Nobis dolores unde iste tenetur. Rerum nemo omnis eius. Optio itaque quia amet necessitatibus ab numquam.','1995-03-03 19:20:35','2010-11-18 02:14:03'),(29,29,29,29,'Ipsum ut quaerat dolores eligendi consequatur sunt temporibus sit.','Quo dolorem dolores architecto consequuntur quasi dolorem aliquam in. Temporibus est tenetur repudiandae voluptates et. Rerum fugit nobis id qui non.','1999-01-12 04:41:01','2007-09-09 18:20:29'),(30,30,30,30,'Sed velit atque tenetur ea ratione eos itaque.','Minus non qui animi id molestiae placeat nulla. Asperiores quis pariatur ut est hic. Veritatis est ab voluptates maxime necessitatibus aspernatur culpa iusto.','1986-01-01 07:09:45','2010-11-24 05:29:21'),(31,31,31,31,'Et id consequatur omnis nihil.','Dolores accusamus quidem delectus eos. Aperiam recusandae et et veniam.','2012-02-05 09:22:30','1978-08-27 12:01:01'),(32,32,32,32,'Distinctio est voluptatem unde est voluptas.','Distinctio atque recusandae et nobis. Sit quia ea est aut quis suscipit. Non distinctio consequuntur quis omnis debitis veniam consequatur sapiente. Voluptatum omnis minus vel.','1970-08-22 16:47:25','1996-09-11 01:54:37'),(33,33,33,33,'Ut necessitatibus repellendus quas autem.','Repudiandae est quod minus et. Fugiat veritatis ullam debitis assumenda quia. Inventore consequatur eveniet in.','1970-07-11 04:59:24','2001-01-14 14:34:20'),(34,34,34,34,'Quia ab repellat atque nam facere quo dicta quasi.','Quo vero voluptas laborum deleniti omnis aut quam. Qui harum suscipit ea et officiis. Impedit dolore quia molestias unde ad et libero ea. Veniam assumenda sit voluptatibus expedita quo ut in.','2007-01-07 07:09:58','1977-07-07 13:14:25'),(35,35,35,35,'Rerum sapiente iure id culpa nostrum non aperiam ab.','Ducimus repellat ut iste quis id dignissimos laborum. Quia aut tenetur voluptas distinctio. Cupiditate minus dolores debitis incidunt.','1989-01-20 04:25:35','1980-01-14 13:04:53'),(36,36,36,36,'Velit rerum et praesentium sit maxime est.','Iure ipsum et et impedit. Quo dolor nisi voluptas voluptatem possimus. Sapiente ratione ut libero nostrum vitae omnis. Quia deserunt eligendi dolorem repellendus odio et.','1997-07-19 23:56:23','1992-11-23 17:34:32'),(37,37,37,37,'Mollitia eligendi est ullam cumque.','Laborum minus autem laudantium exercitationem. Commodi reprehenderit ea praesentium quis reiciendis non qui. Quaerat numquam tempore aut autem libero aut.','2009-10-21 06:28:34','1999-02-28 10:05:44'),(38,38,38,38,'Qui quam quam neque est error.','Rerum enim perferendis nihil laborum repellat et qui vitae. Ut rerum maiores repellat laborum iure ut. Dolor occaecati cumque quos repudiandae eos facilis.','1990-04-02 18:05:30','1972-10-14 14:13:26'),(39,39,39,39,'Eos non esse in autem nemo voluptas et similique.','Dolorem quaerat vitae suscipit. Est neque natus ea adipisci. Esse animi voluptatum aspernatur et autem porro eveniet. Repellat nisi labore ad molestias.','1988-09-02 10:50:17','2018-10-03 10:56:51'),(40,40,40,40,'Sapiente dolores ut maxime odio et dolor maiores.','Sed eum aut voluptas mollitia qui nesciunt. Dolorum voluptatem sunt esse reprehenderit officiis veritatis. Consequatur officia at doloremque placeat ex. Deleniti id quisquam veritatis nulla officia enim ut.','1983-09-30 19:50:51','1970-12-01 03:00:45'),(41,41,41,41,'Perferendis omnis enim et repellendus molestiae pariatur dolores quae.','Placeat et ut perferendis. Vero aspernatur tempora corporis facilis quae sit sunt. Placeat culpa autem accusantium.','2019-10-01 07:52:43','2011-11-30 16:11:21'),(42,42,42,42,'Placeat nihil fugiat consequuntur atque assumenda.','Vel iste ea sit sint. Debitis aspernatur facilis sunt est quia quisquam. Ut dolores iste aliquid vel.','2009-10-26 05:36:58','2012-05-26 15:56:02'),(43,43,43,43,'Eligendi magnam quod optio iusto facilis provident.','Est sunt ab corporis expedita dolore et non. Architecto repellat atque qui nihil. Itaque vero aut voluptatem aspernatur corrupti aut aliquam provident. Maxime voluptate distinctio enim totam impedit mollitia.','1997-07-16 19:27:30','1991-02-18 17:16:22'),(44,44,44,44,'Qui adipisci et vel iste amet qui.','Fugiat quae commodi debitis. Cupiditate ea sint dolore et. Aut iure dolorem quas sequi facere aut.','1977-12-12 09:15:47','1971-07-16 20:06:26'),(45,45,45,45,'Est provident dolores delectus id necessitatibus est.','Illum non et qui vero. Laudantium dolore et enim. Quos ut quo ex qui aspernatur repellat autem.','1998-10-15 09:08:43','2018-06-14 08:51:52'),(46,46,46,46,'Quis et illo sit molestiae commodi optio soluta.','Et laboriosam aut molestiae eius. Reiciendis cumque in fugiat soluta praesentium corporis quidem quo. Qui in eum voluptas omnis sapiente neque.','2000-02-23 07:11:01','2021-01-25 07:14:58'),(47,47,47,47,'Impedit ut cum quia voluptatem.','Provident et iste autem placeat unde quo dolorem. Fuga aliquid dignissimos magnam. Magnam sit facere praesentium omnis eveniet laborum ut. Numquam soluta minima aut ea ut.','2018-01-16 20:10:33','1983-11-01 14:12:37'),(48,48,48,48,'Perferendis optio eum ducimus.','Facere repellat voluptatem illum ut. Soluta quidem commodi consectetur ut omnis.','1973-06-06 17:04:44','1979-03-14 18:15:10'),(49,49,49,49,'Dolor minima occaecati dolorem qui qui quia dolor et.','Aliquid fuga repellendus autem ut. Voluptatum fugiat ut rerum vel doloremque molestiae eius. Est temporibus aut incidunt non nobis. Omnis labore qui explicabo libero et eaque inventore.','1990-01-15 23:38:17','1991-06-26 23:12:40'),(50,50,50,50,'Quisquam et quibusdam voluptatum voluptatibus quia voluptas minima est.','Qui molestias minus temporibus esse. Dolores cum quae quasi officia aut saepe. Harum reprehenderit ullam voluptates fugit sit. Repellendus voluptatem unde magnam atque voluptates animi eveniet. Distinctio qui nihil architecto doloremque qui doloremque non labore.','1976-04-22 06:25:55','1977-08-29 21:40:12'),(51,51,51,51,'Voluptas autem facere exercitationem.','Qui aliquam voluptatem deserunt molestias voluptas totam quis. Molestiae aperiam ea recusandae tenetur placeat numquam. Rerum eligendi nemo explicabo aut ad.','2000-03-02 03:42:54','1975-05-12 10:03:04'),(52,52,52,52,'Voluptate autem maxime eius expedita voluptas repellat.','Officiis aut maxime quia ipsam nesciunt repellendus. Id placeat cumque quos voluptatibus. Officia quo dolores ut perferendis omnis. Totam esse nihil molestiae in corrupti debitis possimus.','2012-05-24 21:38:03','2012-11-14 05:49:26'),(53,53,53,53,'Repudiandae architecto ut reprehenderit ratione odio est dolor aut.','Quia nihil dolor optio est. Sed repellat voluptatem molestias ullam harum iure qui. Aspernatur iure sint molestias ut id.','1986-03-25 22:20:31','1979-04-05 13:35:55'),(54,54,54,54,'Harum est modi et et.','Eos optio qui fugiat. Quis laudantium ut modi sed.','1984-11-19 08:41:52','2005-02-07 15:42:11'),(55,55,55,55,'Voluptates iste nobis nihil aut et.','Temporibus officia rerum commodi. Qui ex quo non. Labore quis quo tempore consequatur.','1988-01-04 16:58:38','1995-10-27 13:24:19'),(56,56,56,56,'Tenetur voluptas laboriosam quisquam tempora molestiae.','Saepe id ea quisquam aut quidem. Et quod alias sint doloremque. Vitae debitis voluptas enim et. Qui nihil velit rerum labore nesciunt officia mollitia reprehenderit.','1986-01-22 18:08:31','1973-08-11 02:41:53'),(57,57,57,57,'Magni aperiam nobis magnam excepturi aperiam laudantium.','Rerum ad et repellat corporis sequi omnis. Adipisci ipsa non et dolorem repudiandae voluptatem quo consequatur.','1995-02-05 16:18:14','1982-01-15 10:38:34'),(58,58,58,58,'Quibusdam voluptas et nihil laborum qui quidem.','Aut non harum ut consequatur aut repellat. Est assumenda dolores qui beatae. Alias dolor pariatur suscipit a beatae quo fuga. Est voluptatem itaque et.','1973-01-02 16:41:50','1973-02-07 02:07:34'),(59,59,59,59,'Quia et perspiciatis ut ut consequatur.','In ipsam doloremque sit nisi est aperiam est. Voluptatem ipsam sed eaque a cupiditate nobis nam. Quia libero deleniti qui vel voluptatum et sunt.','2009-05-04 05:47:18','2009-10-20 02:40:58'),(60,60,60,60,'Iste vero nihil incidunt qui velit assumenda.','Eos iusto vitae qui optio. Quisquam dolores molestias qui magnam vitae. Possimus qui fugit ut qui voluptate. Labore culpa sunt saepe.','2009-07-28 18:01:28','1989-02-16 20:14:40'),(61,61,61,61,'Exercitationem sed ea rerum amet alias iste aut.','Id recusandae quam harum cupiditate cum vitae nisi. Incidunt soluta vel et ut veniam accusantium. Repellendus suscipit incidunt deserunt aliquid veniam minima.','1994-10-03 18:52:42','1975-08-27 20:07:09'),(62,62,62,62,'Cumque corporis velit dolorem incidunt amet.','Ratione qui alias molestias esse qui ullam eos. Placeat id voluptatem facere. Enim quae a autem tempore possimus inventore ut.','2010-06-30 15:23:52','1976-07-15 05:41:10'),(63,63,63,63,'Sequi numquam praesentium delectus ipsam aut.','Repudiandae id temporibus blanditiis saepe autem. Architecto similique accusamus non ea nulla quia laudantium. Et hic nihil ut. Nesciunt sunt voluptatibus qui soluta doloremque quia.','1987-06-05 05:20:56','1977-07-15 08:15:04'),(64,64,64,64,'Aperiam aut repellendus libero provident necessitatibus enim omnis.','Quia quis laborum ut sit culpa. Eaque vero porro dolores qui molestias error. Deserunt repellat ullam qui quia consequatur asperiores sed vel. Labore ipsa est similique molestias consequatur aut. Odio laboriosam in nisi omnis consequatur quia.','2014-11-16 20:34:09','1976-12-01 09:14:18'),(65,65,65,65,'Delectus et velit odit eum.','Eos quasi ut velit omnis iusto quas et alias. Consequatur sed doloremque dolor itaque voluptas quam ea.','1994-01-25 02:00:51','2009-05-01 07:30:28'),(66,66,66,66,'Et voluptas ut nesciunt praesentium.','Ad corporis excepturi et possimus. Debitis eligendi error et perspiciatis error placeat consectetur. Qui dolore reiciendis aut officiis consectetur voluptas.','1996-02-11 20:55:05','2007-07-15 17:55:24'),(67,67,67,67,'Qui fugiat qui et a soluta similique.','Voluptatem alias quis non ea nihil quaerat eius dignissimos. Culpa ut velit eum aut id aut rerum. Inventore quis error illum. Sunt ut qui esse libero commodi.','2019-05-03 14:53:18','1986-04-17 17:33:30'),(68,68,68,68,'Sint amet vitae eveniet corrupti autem in.','Voluptas aut incidunt asperiores consequatur labore temporibus. Sed et animi fuga. Voluptatem ad architecto sunt itaque. Asperiores eius sed aspernatur id dolor incidunt id.','2001-09-24 13:00:46','1995-12-11 13:28:46'),(69,69,69,69,'Impedit facilis soluta expedita aliquam quis.','Est autem voluptatem accusamus corporis est. Velit dolorem dignissimos doloribus enim quis commodi tempore. Molestias quo porro rem voluptatem quidem sapiente vero.','2016-04-28 21:22:51','1991-07-01 07:05:42'),(70,70,70,70,'Qui et est perspiciatis minus mollitia dolorem quas.','Commodi excepturi quos vel ea nihil voluptatum voluptates. Odio incidunt aspernatur est minima voluptatibus eum qui. Voluptatem qui dolorum quod necessitatibus.','1992-10-03 05:22:46','1992-01-12 18:58:15'),(71,71,71,71,'Cum voluptatem sapiente illum temporibus facilis eaque dicta quia.','Ratione illum molestiae dolorem eos earum deleniti illo. Et eligendi dicta eos adipisci. Numquam sapiente dolor ut molestiae quae velit error.','1974-10-28 09:18:16','2001-07-07 14:58:45'),(72,72,72,72,'Error esse deserunt officia quibusdam minima autem aut facilis.','Laborum dolorem quia at quis. Atque repellat aut delectus et est ab. Corporis rerum voluptas enim sit qui. Facilis sit voluptatem quam autem.','1984-09-21 02:02:10','1974-09-19 20:16:10'),(73,73,73,73,'Expedita magni quo voluptatem tempore.','Quam ut quae voluptatum temporibus placeat laudantium quod voluptatem. Voluptate dignissimos officiis voluptas est. Et officiis dolore et sapiente vitae.','2009-11-24 11:14:54','2019-11-27 03:58:16'),(74,74,74,74,'Nulla dolor omnis ut voluptatem eius.','Voluptates molestias non aut optio recusandae est quas. Ratione nulla veniam aliquid corrupti aut. Ipsam nihil dolore voluptas inventore quod voluptatem adipisci. Voluptatem facilis enim nihil aut velit necessitatibus. Animi quos totam architecto ea facilis itaque porro.','1979-08-18 13:01:34','2017-01-24 10:21:07'),(75,75,75,75,'Nostrum accusamus voluptatem eos et molestiae.','Suscipit qui omnis velit cum. Est non labore architecto ut nemo. Autem qui repellat rerum pariatur. Sunt aliquam labore possimus ullam ad.','1972-12-23 15:01:06','1984-07-05 00:25:17'),(76,76,76,76,'Aut iusto voluptas impedit et consequuntur numquam mollitia.','Laboriosam voluptates et voluptates alias deserunt. Est minus itaque corrupti. Sint vel hic nam doloribus doloribus.','1980-06-07 16:14:58','2009-02-10 23:02:25'),(77,77,77,77,'At fuga sunt sed modi saepe ut error.','Illum et enim eligendi et aut est molestiae. Id tempora voluptas maxime modi et vero consequatur vel. Autem unde quaerat sunt possimus et iusto.','2013-09-29 05:42:49','2009-02-26 12:30:24'),(78,78,78,78,'Soluta hic culpa recusandae ipsam debitis omnis accusantium reprehenderit.','Ipsa nobis labore iure earum modi voluptas animi. Facere illo fugit sint ullam reiciendis. Non ab et eligendi facere.','1979-08-22 19:12:26','1972-08-10 11:03:13'),(79,79,79,79,'Vel exercitationem consectetur officia aliquam architecto.','Dolor numquam id autem neque. In ad odit eius laboriosam occaecati deserunt rerum. Iste sit earum accusamus molestiae eligendi.','2005-04-09 23:33:21','1977-02-25 04:31:48'),(80,80,80,80,'Et itaque quo et quos.','Eius illum consequatur voluptas totam explicabo. Sit ullam illo esse molestias rerum quo. Laboriosam veritatis voluptas praesentium est.','1971-08-06 14:33:42','2009-04-29 21:06:13'),(81,81,81,81,'Non quas nostrum autem sit.','Non qui et asperiores ullam ut aliquam id. Repellat magni voluptatem ad sunt fugit quisquam ullam. Ipsum recusandae debitis nesciunt officiis.','1989-05-30 23:25:33','1986-11-14 19:53:39'),(82,82,82,82,'Impedit autem illum deserunt sit ut quis sunt repellat.','Aut esse atque et voluptatibus maiores. Et quaerat molestiae praesentium itaque. Pariatur nihil eaque voluptatem id eligendi.','1977-04-02 06:30:06','1998-01-25 14:48:34'),(83,83,83,83,'Doloremque ea voluptates laboriosam velit.','Eum quis et aspernatur omnis temporibus voluptatem. Voluptas culpa sint deserunt et unde laborum. Quas voluptatibus odit ad vel non.','2013-03-01 16:13:56','2019-04-01 18:37:22'),(84,84,84,84,'Nam sed perferendis omnis expedita explicabo voluptatem minus.','Voluptatem voluptas rem at fugiat. Unde est eos aut quasi sit explicabo optio. Asperiores optio architecto voluptas reiciendis consectetur quos eos enim. Tempora doloribus enim a quam veniam assumenda minus occaecati.','1989-01-30 19:04:10','1982-10-11 11:31:17'),(85,85,85,85,'Et et tempore enim similique.','Deleniti laborum aspernatur nihil minima minima fugiat odit. Amet veniam veritatis qui assumenda. Voluptatem sint autem vero voluptatem soluta voluptas.','1996-12-08 01:10:17','1972-03-12 07:05:21'),(86,86,86,86,'Ut est odio nesciunt incidunt.','Id est aut saepe et officiis ipsam et. Non sed voluptatem eos. Enim nesciunt laborum occaecati voluptate. Odit provident quaerat deleniti neque rerum.','1979-06-26 08:33:45','1971-02-23 22:46:32'),(87,87,87,87,'Id aliquid et tempore tempore accusamus.','Et iure omnis sint minima aliquid animi nihil. Doloribus beatae dolorem expedita hic. Amet dolorem vero dignissimos. Et voluptatum tempore non voluptate voluptate in magni.','1975-07-11 18:58:18','1982-09-11 02:49:30'),(88,88,88,88,'Fugit unde adipisci consequatur iste placeat.','Sed impedit dolores aspernatur aliquid nostrum magnam voluptatem. Ad quasi nesciunt omnis illo fugiat impedit porro.','1984-02-05 19:40:14','2014-02-03 06:36:59'),(89,89,89,89,'Quam nostrum voluptas amet in.','Laudantium aut quis unde tempora at inventore maiores. Doloremque ut sit sint illo quo. Excepturi nihil quos non qui.','1981-11-02 06:30:14','2010-12-26 20:31:39'),(90,90,90,90,'Et beatae eum suscipit inventore nemo molestiae recusandae.','Consectetur veniam et sed perferendis. At ut dolorum odio dolor. Voluptatem eaque est sed nostrum velit ullam. Rerum deserunt nulla eligendi iusto voluptatem rerum rem vel.','2007-01-31 21:22:25','2004-12-04 08:13:06'),(91,91,91,91,'Est et perspiciatis repellat quasi.','Enim consequatur ea exercitationem quibusdam. Qui inventore voluptatem qui asperiores.','1989-03-21 04:34:56','2017-07-26 01:48:12'),(92,92,92,92,'Eos eius voluptatem eos vitae.','Molestiae impedit repellendus rerum. Veritatis non ut ipsa magni voluptate ut ipsam. Maiores reprehenderit non impedit architecto quidem rerum nihil reprehenderit. Quia adipisci perspiciatis et omnis odio expedita occaecati quidem.','2011-04-08 08:51:06','2016-11-14 13:05:41'),(93,93,93,93,'Accusantium occaecati dolore facilis eos incidunt aut.','Odit quidem voluptas nulla non aut autem ullam. Nam suscipit officiis et id dolores aut. Asperiores assumenda minima rem ab explicabo et accusantium. Soluta facere itaque deleniti eum quidem.','2020-10-08 14:13:16','1979-07-08 19:57:00'),(94,94,94,94,'Totam vitae eos et laudantium veniam excepturi.','Praesentium et placeat rerum placeat. Iste assumenda optio deleniti voluptates magnam. Sapiente qui sapiente harum. Eos perspiciatis voluptas accusantium iusto.','1996-10-06 02:27:54','2015-11-29 13:16:32'),(95,95,95,95,'Qui et qui neque autem quia et quaerat.','Et aut beatae nulla id eveniet soluta. Cum dolor sequi et dolore. Voluptate velit est commodi voluptas. Rerum architecto qui neque at necessitatibus rem recusandae ut.','1977-04-27 10:44:38','2000-05-23 09:57:41'),(96,96,96,96,'Voluptatum dolores ea alias facilis officiis maiores.','Saepe aut placeat eos. Recusandae ut sint tenetur quisquam. Sit ut delectus aut est. Ea veniam porro ea qui cum. Quibusdam atque est consequatur nihil reprehenderit.','2010-03-05 10:33:48','1983-04-20 06:42:17'),(97,97,97,97,'Repellendus impedit qui id est ipsum.','Molestias in aut nihil. Harum hic et eaque est. Soluta dolorem perspiciatis vero pariatur quia.','2007-05-10 04:03:09','1981-01-27 00:24:54'),(98,98,98,98,'Consectetur fugit minus facilis architecto ut perspiciatis tempora vel.','Nesciunt consectetur mollitia voluptate. Debitis voluptas quasi ipsa eligendi optio. Facere quas est ratione et molestias.','2019-10-03 22:57:58','1970-11-08 04:52:53'),(99,99,99,99,'Repellat officiis repellendus nam velit sint dolorum.','A dolor quia aut molestiae rem modi voluptas. Similique nostrum iure distinctio error facere ex. Dolorum et nulla debitis omnis dolorem deleniti non illo. Et voluptas corrupti sit nemo.','1977-07-08 19:38:41','1971-02-24 22:43:10'),(100,100,100,100,'Nisi atque voluptates repudiandae accusamus sit tempora ea.','Modi qui error et qui consequatur laboriosam ut. Velit sunt molestiae aut aliquid id. Unde perspiciatis explicabo facilis dolor voluptas explicabo nisi. Dolores sed pariatur qui et voluptatem omnis.','1979-07-16 00:30:36','1984-07-30 05:01:28');
UNLOCK TABLES;

-- Table structure for table `shared_posts`

DROP TABLE IF EXISTS `shared_posts`;
/*!40101 SET @saved_cs_client     = @@character_set_client */;
/*!40101 SET character_set_client = utf8 */;
CREATE TABLE `shared_posts` (
  `post_id` bigint(20) unsigned NOT NULL,
  `user_id` bigint(20) unsigned NOT NULL,
  KEY `post_id` (`post_id`),
  KEY `user_id` (`user_id`),
  CONSTRAINT `shared_posts_ibfk_1` FOREIGN KEY (`post_id`) REFERENCES `posts` (`id`) ON DELETE CASCADE ON UPDATE CASCADE,
  CONSTRAINT `shared_posts_ibfk_2` FOREIGN KEY (`user_id`) REFERENCES `users` (`id`) ON DELETE NO ACTION ON UPDATE CASCADE
);

-- Dumping data for table `shared_posts`

LOCK TABLES `shared_posts` WRITE;
INSERT INTO `shared_posts` VALUES 
	(1,1),(2,2),(3,3),(4,4),(5,5),(6,6),(7,7),(8,8),(9,9),(10,10),(11,11),(12,12),(13,13),(14,14),(15,15),(16,16),(17,17),(18,18),(19,19),(20,20),(21,21),(22,22),(23,23),(24,24),(25,25),(26,26),(27,27),(28,28),(29,29),(30,30),(31,31),(32,32),(33,33),(34,34),(35,35),(36,36),(37,37),(38,38),(39,39),(40,40),(41,41),(42,42),(43,43),(44,44),(45,45),(46,46),(47,47),(48,48),(49,49),(50,50),(51,51),(52,52),(53,53),(54,54),(55,55),(56,56),(57,57),(58,58),(59,59),(60,60),(61,61),(62,62),(63,63),(64,64),(65,65),(66,66),(67,67),(68,68),(69,69),(70,70),(71,71),(72,72),(73,73),(74,74),(75,75),(76,76),(77,77),(78,78),(79,79),(80,80),(81,81),(82,82),(83,83),(84,84),(85,85),(86,86),(87,87),(88,88),(89,89),(90,90),(91,91),(92,92),(93,93),(94,94),(95,95),(96,96),(97,97),(98,98),(99,99),(100,100);
UNLOCK TABLES;

-- Table structure for table `users_communities`

DROP TABLE IF EXISTS `users_communities`;
CREATE TABLE `users_communities` (
  `user_id` bigint(20) unsigned NOT NULL,
  `community_id` bigint(20) unsigned NOT NULL,
  PRIMARY KEY (`user_id`,`community_id`),
  KEY `community_id` (`community_id`),
  CONSTRAINT `users_communities_ibfk_1` FOREIGN KEY (`user_id`) REFERENCES `users` (`id`) ON DELETE CASCADE ON UPDATE CASCADE,
  CONSTRAINT `users_communities_ibfk_2` FOREIGN KEY (`community_id`) REFERENCES `communities` (`id`) ON DELETE CASCADE ON UPDATE CASCADE
);

-- Dumping data for table `users_communities`

LOCK TABLES `users_communities` WRITE;
INSERT INTO `users_communities` VALUES 
	(1,1),(2,2),(3,3),(4,4),(5,5),(6,6),(7,7),(8,8),(9,9),(10,10),(11,11),(12,12),(13,13),(14,14),(15,15),(16,16),(17,17),(18,18),(19,19),(20,20),(21,21),(22,22),(23,23),(24,24),(25,25),(26,26),(27,27),(28,28),(29,29),(30,30),(31,31),(32,32),(33,33),(34,34),(35,35),(36,36),(37,37),(38,38),(39,39),(40,40),(41,41),(42,42),(43,43),(44,44),(45,45),(46,46),(47,47),(48,48),(49,49),(50,50),(51,51),(52,52),(53,53),(54,54),(55,55),(56,56),(57,57),(58,58),(59,59),(60,60),(61,61),(62,62),(63,63),(64,64),(65,65),(66,66),(67,67),(68,68),(69,69),(70,70),(71,71),(72,72),(73,73),(74,74),(75,75),(76,76),(77,77),(78,78),(79,79),(80,80),(81,81),(82,82),(83,83),(84,84),(85,85),(86,86),(87,87),(88,88),(89,89),(90,90),(91,91),(92,92),(93,93),(94,94),(95,95),(96,96),(97,97),(98,98),(99,99),(100,100);
UNLOCK TABLES;

--
-- Написать скрипт, возвращающий список имен (только firstname) пользователей без повторений в алфавитном порядке.
--

SELECT DISTINCT firstname FROM users
	ORDER BY firstname;

-- Первые пять пользователей пометить как удаленные.

SELECT id, firstname, is_deleted FROM users
LIMIT 5;

UPDATE users
	SET is_deleted = 1
	LIMIT 5;
-- 	WHERE id <= 5; -- так точнее было бы, если был бы важен порядок по айди

SELECT id, firstname, is_deleted FROM users
LIMIT 5;

-- Написать скрипт, удаляющий сообщения «из будущего» (дата больше сегодняшней).

SELECT id,from_user_id,to_user_id,body,created_at FROM messages
	WHERE created_at > NOW();

DELETE FROM messages
	WHERE created_at > NOW();

SELECT id,from_user_id,to_user_id,body,created_at FROM messages
	WHERE created_at > NOW();

-- Написать название темы курсового проекта.
-- Сайт для написания интерактивных историй. Intaractive Fiction.
